"","location","environ_var_code","week_epidemiar","ref_value","ref_sd","ref_yrcount","ref_max","ref_uq","ref_median","ref_lq","ref_min"
"1","Abargelie","evi",1,0.124396986747602,0.00843589529188959,18,0.14315672115499,0.128508006613289,0.121598551276714,0.119308083194717,0.109188655424216
"2","Abargelie","evi",2,0.122697887881288,0.00836738607774503,17,0.141691824678353,0.127447884081838,0.119004341883288,0.117543577017968,0.108676012342602
"3","Abargelie","evi",3,0.121037386934351,0.00800927089780453,17,0.138819007397837,0.125826781303008,0.117428226496838,0.11645410125751,0.107239053010128
"4","Abargelie","evi",4,0.119324040539989,0.00787142262909191,17,0.136158366269273,0.124731699743469,0.115873091361657,0.114523439916678,0.105832586508784
"5","Abargelie","evi",5,0.117693072636419,0.00765373051400692,17,0.133890768046895,0.123218108286356,0.114642609967417,0.113725818586807,0.104774390445364
"6","Abargelie","evi",6,0.116745177451444,0.00739098457084027,17,0.132881010329151,0.121400087217582,0.113290100571525,0.113043465134981,0.103749625992293
"7","Abargelie","evi",7,0.115818715737154,0.00723363310339838,17,0.132085997062433,0.120105396506446,0.112995202386577,0.111582988595514,0.103235726896688
"8","Abargelie","evi",8,0.114831633842194,0.00706005888773104,17,0.130784331378527,0.119266805317286,0.112955304398509,0.111026542127369,0.102228133779647
"9","Abargelie","evi",9,0.114471336838331,0.00691367954319798,17,0.130589191719805,0.118511662267135,0.111762451034703,0.110816150396221,0.101250055748254
"10","Abargelie","evi",10,0.114402637911622,0.00656437794476341,17,0.129570105289421,0.118396254116054,0.111973874868178,0.110634409749683,0.100887295509055
"11","Abargelie","evi",11,0.114229458055492,0.00608859296882325,17,0.128637458079894,0.117516728440912,0.113677929270856,0.111311682672964,0.100502992174741
"12","Abargelie","evi",12,0.114425330507554,0.00696334460673146,17,0.131811634163249,0.117968064825412,0.11369883192363,0.111102636920176,0.0996261900087343
"13","Abargelie","evi",13,0.11473921643624,0.00663195264586143,17,0.130490154415843,0.119495082787571,0.112310741807387,0.111366207324332,0.0999296804331627
"14","Abargelie","evi",14,0.11575278541733,0.00674745854357207,17,0.134510656824567,0.118733176416017,0.113229300445429,0.11201044279017,0.104477082999274
"15","Abargelie","evi",15,0.116143764926043,0.00806017073269239,17,0.138402203482934,0.120709965089752,0.114053219901543,0.111406593677159,0.103047762504529
"16","Abargelie","evi",16,0.116484725563753,0.0085846678663823,17,0.138552053752075,0.120661106660984,0.114163085610862,0.111310332017265,0.103731282454667
"17","Abargelie","evi",17,0.116615541873411,0.00829639710596221,17,0.136090367416385,0.122448803609114,0.114108835362543,0.110786878373323,0.107050881899933
"18","Abargelie","evi",18,0.117590523060658,0.00834573215509205,17,0.132731129777548,0.12160935550588,0.115882036119285,0.110766348940866,0.108223628684158
"19","Abargelie","evi",19,0.116561128442426,0.00814404003957832,17,0.130361974179362,0.12339572631204,0.114412384415579,0.109865464549619,0.107234057413731
"20","Abargelie","evi",20,0.116396170816126,0.0094387912596702,17,0.14142086130748,0.119820909720245,0.114016220812505,0.110833922728632,0.105762146426993
"21","Abargelie","evi",21,0.115438220487689,0.0113715319562326,17,0.15145584247358,0.118729012068353,0.114491196719045,0.109170953375484,0.102761577313866
"22","Abargelie","evi",22,0.11203710940336,0.011533709645705,17,0.144411836418362,0.11726566523789,0.112964703944359,0.10165781158622,0.0973999849436164
"23","Abargelie","evi",23,0.108823859731942,0.010939214775088,17,0.142884459346009,0.112751173000713,0.108599737229846,0.103367004682025,0.0944031570318855
"24","Abargelie","evi",24,0.10460577679771,0.0117404458672222,17,0.139926173660576,0.107533356405737,0.105089585440652,0.0971995180818723,0.0844430159779394
"25","Abargelie","evi",25,0.105681385471651,0.00848747929080666,17,0.125801349504815,0.108463701575439,0.103638925008069,0.0988065261798054,0.0965998949960724
"26","Abargelie","evi",26,0.108152866970913,0.00788537132236975,17,0.122183291028983,0.113414730725189,0.108963894494674,0.104761462013827,0.0914167377146211
"27","Abargelie","evi",27,0.116963924424094,0.0167215274299038,17,0.159269042015389,0.121640816845833,0.116263956686296,0.108968461718664,0.0801863890692283
"28","Abargelie","evi",28,0.131530181489981,0.0264094655142955,17,0.185230067084059,0.142339346872102,0.125173172719934,0.117462832441739,0.0820728669296614
"29","Abargelie","evi",29,0.141490947994397,0.0242035454424085,17,0.188971748783342,0.158345396388737,0.132428249655319,0.128316751266145,0.106219450142038
"30","Abargelie","evi",30,0.16560356684418,0.0352154455020293,17,0.240614837053069,0.176798176699744,0.162545152846118,0.143324136898348,0.10734479301494
"31","Abargelie","evi",31,0.173511493847384,0.0405493590951511,17,0.24952128045287,0.189083553277849,0.176532413063914,0.155043578685435,0.101169082687699
"32","Abargelie","evi",32,0.20043780076432,0.0515554225139293,17,0.283176949782662,0.242758196944789,0.196544570877262,0.174110771013527,0.0933836425084994
"33","Abargelie","evi",33,0.229698387778153,0.0372901245928491,17,0.283430102434674,0.250796809973537,0.235242748670234,0.203774838409289,0.163997992181052
"34","Abargelie","evi",34,0.247973301481803,0.0247972028253527,17,0.29179869860058,0.26690842168697,0.247025867857014,0.235540674411276,0.200063630630116
"35","Abargelie","evi",35,0.262287548417121,0.0235010363711832,17,0.301506721157218,0.281439443708993,0.263472959095929,0.236479458778157,0.228116596952174
"36","Abargelie","evi",36,0.271426215290942,0.0255532924817072,17,0.313558750619284,0.293283093476673,0.27865686084742,0.247593011987807,0.230561908250659
"37","Abargelie","evi",37,0.269999298594378,0.021568747144974,17,0.299260431562846,0.289752804647053,0.27119930597852,0.256313910290166,0.229766022319778
"38","Abargelie","evi",38,0.253369191211763,0.0202870075892829,17,0.280013779519266,0.272117817415611,0.250876870511237,0.239468980291744,0.21590526902019
"39","Abargelie","evi",39,0.225568907305167,0.0208421367147009,17,0.262302171733032,0.241330783893722,0.225426995402843,0.211632071829392,0.194176897599137
"40","Abargelie","evi",40,0.203657642628398,0.016972558534641,17,0.240770392071233,0.21264931034978,0.201550835197752,0.191093492608528,0.176469786337023
"41","Abargelie","evi",41,0.187864903733655,0.0154824543875642,17,0.217751227241238,0.198231803161289,0.185094371073818,0.178921218826992,0.161379162249679
"42","Abargelie","evi",42,0.174209458128351,0.0133705143761224,17,0.198976367291598,0.180161899695691,0.169728432042589,0.167453755803785,0.152879855022595
"43","Abargelie","evi",43,0.163921580769654,0.0127311407817182,17,0.187797771974408,0.170041595343414,0.160497311658087,0.157406940506406,0.139655528668286
"44","Abargelie","evi",44,0.156659628719009,0.0119130108099056,17,0.178186142154315,0.161970436870242,0.153481608411592,0.150457410585852,0.133547064216869
"45","Abargelie","evi",45,0.150659758802667,0.0115577157483217,17,0.171969675570588,0.155767865816079,0.147639936525,0.144427571051891,0.128846574211283
"46","Abargelie","evi",46,0.145471473321694,0.010876378835005,17,0.166084332296972,0.15046768636626,0.143606419802789,0.139117402269049,0.125308657593801
"47","Abargelie","evi",47,0.14112393777079,0.010333609470182,17,0.159934548641644,0.146932349093477,0.139779896020772,0.134542979476711,0.121791966846402
"48","Abargelie","evi",48,0.137093251980331,0.0098526567272056,17,0.155134425645878,0.142604468273179,0.136257282368398,0.130305154409855,0.118501293488921
"49","Abargelie","evi",49,0.13361197051402,0.00925778940652772,17,0.151257258054428,0.137872669682421,0.132538803899059,0.127728938862982,0.115929816933933
"50","Abargelie","evi",50,0.130494131386536,0.00865827532469408,17,0.145849598827925,0.132651656503206,0.128970655384506,0.124879852189049,0.113669843802078
"51","Abargelie","evi",51,0.12796355626305,0.00815102189635966,17,0.143012106821604,0.128216944701559,0.126147455733138,0.12295409468262,0.112245150713273
"52","Abargelie","evi",52,0.125578835242204,0.00761964605384027,17,0.140565273697303,0.125974484996647,0.123726476254816,0.121998959107084,0.110595503624357
"53","Abargelie","evi",53,0.116760398343213,0.00649460982191668,3,0.120978838195626,0.120499851441754,0.120020864687882,0.114651178417007,0.109281492146132
"54","Abargelie","lst_day",1,35.0440441896818,0.970386879528515,18,36.237581622964,35.7981464576189,35.2936262121531,34.5451646438285,33.2727970101195
"55","Abargelie","lst_day",2,34.9470176243234,0.901204709906056,17,36.5051038497351,35.4388220685981,34.7730428319162,34.2830812549985,33.5601127036162
"56","Abargelie","lst_day",3,35.2372116074536,0.962672912110515,17,37.1852036760946,35.7665653631257,35.1532410176838,34.8762756555402,33.1224350474979
"57","Abargelie","lst_day",4,36.333191160467,0.675359399645376,17,37.4321126189136,36.7702323982694,36.5032331243797,36.1178125113167,35.056420791675
"58","Abargelie","lst_day",5,37.2481116957776,1.0204138513115,17,39.4707382264863,37.6272088208595,37.1216933408379,36.8545708859835,35.3368944942669
"59","Abargelie","lst_day",6,37.8075883038578,0.967992333635808,17,39.6795363266919,38.4986705981786,37.6734398786175,37.2431198744929,36.4990098568096
"60","Abargelie","lst_day",7,38.5535447838861,1.36606616803552,17,40.3646747080981,39.5883072177085,38.6699772530442,38.2908114942712,35.9021652634467
"61","Abargelie","lst_day",8,39.5025827897014,1.72158202586759,17,42.8442415154653,40.4249163868309,39.6762663750768,39.1187828230409,35.0548084216522
"62","Abargelie","lst_day",9,40.3939525372034,1.51378558635149,17,43.6337903879688,41.056430286964,40.2596921550009,39.6239112058526,38.0760202586623
"63","Abargelie","lst_day",10,40.6959844719767,1.43115992054795,17,43.577812499041,41.7834912096458,40.3207886982125,39.5811494762247,38.5363861617982
"64","Abargelie","lst_day",11,41.1943857579982,1.60117978377414,17,44.3184562636683,42.0559033506033,41.1200324386565,40.775300095935,37.1851176169833
"65","Abargelie","lst_day",12,41.6599907585303,1.16945642836554,17,43.5469507294555,42.4535838485567,41.5096615945334,40.5829728847204,39.632670453325
"66","Abargelie","lst_day",13,42.3441805180098,1.48536378171167,17,44.9115626102899,43.0534427081767,42.3855074025813,41.5077610943581,39.3489468147203
"67","Abargelie","lst_day",14,42.466309193598,1.43991301650321,17,45.1068188081602,43.3104602852024,42.5762695974599,41.3995454537084,39.9020548247054
"68","Abargelie","lst_day",15,42.4090067802912,1.68493329412278,17,44.8616557893336,44.039818644279,42.1855387241449,40.9370955218696,39.6530497492986
"69","Abargelie","lst_day",16,42.3840879897305,1.65443222288448,17,44.9302211598246,43.5200661662664,42.0710511352303,40.9575411927974,40.1222487507896
"70","Abargelie","lst_day",17,42.2378958673015,1.98085886847862,17,44.9511500102196,43.3990061924996,42.6205996640128,40.649832072893,38.2220894757294
"71","Abargelie","lst_day",18,42.1132300460063,2.99427508154931,17,46.0920194460078,44.0891537592321,43.039514838,41.0142976278965,34.566133222131
"72","Abargelie","lst_day",19,42.2377681788438,2.13091267387151,17,46.0056050254446,43.2976253307546,42.3131362135096,41.3035366237649,38.0985964342643
"73","Abargelie","lst_day",20,41.9019310530607,2.42798028344458,17,45.9490872799342,43.0407601264157,42.0808616652416,40.3278086874221,36.3011522014401
"74","Abargelie","lst_day",21,41.0867445897271,2.50633896229657,17,45.2664534697086,42.8659889064092,41.0851353247457,40.0873075301263,35.5189041810574
"75","Abargelie","lst_day",22,40.4269772782818,2.57376339992166,17,45.6770435340889,41.8874344245039,40.315407993597,38.1165744778666,35.7410342253913
"76","Abargelie","lst_day",23,39.0700655293719,2.93478602004603,17,43.9513669349122,41.3832544350733,39.3567720743984,37.1016122656791,31.801333508058
"77","Abargelie","lst_day",24,36.4207099355213,2.50880950536882,17,42.7057675747239,37.5810459978309,36.1874256596218,35.0519305143722,31.801333508058
"78","Abargelie","lst_day",25,35.1735551827628,2.7034838785833,17,41.8567833005673,35.9725870580502,34.8827906575514,33.9905085350187,30.5917008367057
"79","Abargelie","lst_day",26,33.2192142756898,3.23757273073519,17,38.0663985664385,36.3544463054868,31.5332624143076,30.4715547353994,29.1443658933152
"80","Abargelie","lst_day",27,31.9562910009054,3.12273793720207,17,38.0244832801282,33.8960060372115,31.6240246275999,29.651152974812,27.795922158032
"81","Abargelie","lst_day",28,30.0647297247056,2.63949558650557,17,35.6126198833927,31.5288599704342,29.5311221004581,28.2269471252929,26.5476595219034
"82","Abargelie","lst_day",29,28.8537231172196,2.21429017406918,17,32.8686892634491,30.7130752110811,28.6316602972675,27.5900382235161,24.4032730081517
"83","Abargelie","lst_day",30,28.8921631213883,2.19165458701066,17,34.3074163791586,30.327470447678,28.4691998048727,27.0816833362103,26.1818122723796
"84","Abargelie","lst_day",31,27.9060910355151,2.37874910331115,17,32.5271385053912,29.5432646172611,27.8522487019731,26.7173091018711,23.4012643164977
"85","Abargelie","lst_day",32,27.3375519097642,1.61871373658962,17,30.0431949696707,28.5008846598971,27.4214519758257,26.2322055998458,24.908453070794
"86","Abargelie","lst_day",33,27.2182542681921,1.40777167963714,17,29.5668705883637,28.2309706777729,27.221705204528,26.6221474657573,24.3564809598189
"87","Abargelie","lst_day",34,27.0271129285077,1.609349492265,17,30.0490408138479,27.9776089175232,27.0635501010908,26.0131556506961,23.3489802289443
"88","Abargelie","lst_day",35,27.5546037047244,1.36464394331649,17,29.6437542358993,28.652809801446,27.3091421535005,26.5982418684541,24.772865396917
"89","Abargelie","lst_day",36,29.1680404449663,1.4754263806887,17,31.1792623750253,30.7218626847423,28.9056701973755,28.1508369555902,25.6899232958962
"90","Abargelie","lst_day",37,31.1711859355641,1.74689521207846,17,34.8746814352065,32.0932110832792,31.2942064129721,29.8507227038065,27.6706701022386
"91","Abargelie","lst_day",38,33.7837023340488,1.82860340300273,17,37.0698862713591,34.5792669784297,33.4836310672104,33.0925428224025,30.3198851972313
"92","Abargelie","lst_day",39,35.8174127664789,1.26152303529961,17,38.5798975711824,36.5555037321335,35.5297442594012,35.0767984120097,33.7420640867551
"93","Abargelie","lst_day",40,37.3815048637405,1.23870522842227,17,39.592627144496,38.409574332399,37.535880149445,36.4819512051406,35.3179764293417
"94","Abargelie","lst_day",41,38.0048411686466,1.36673705999495,17,40.8128336593567,38.5374149551721,37.7230247313299,37.4079147744117,34.7337839309269
"95","Abargelie","lst_day",42,38.2600851806735,1.49220510023037,17,41.1383537611963,38.7599361845389,38.395427309482,37.5586025168961,35.3120529158271
"96","Abargelie","lst_day",43,38.3695013899213,1.54155236430383,17,40.875066279817,39.0041604709958,38.5123048632206,37.8034551066793,34.6995560354008
"97","Abargelie","lst_day",44,38.0584288997652,1.65163903797115,17,40.7506544138362,39.0486115579823,37.8016793710399,36.6903855688795,34.7305087712668
"98","Abargelie","lst_day",45,37.7269967521255,1.5264113743694,17,40.5323913212937,38.7348421062969,37.8720737539045,36.8940226205156,34.7734025480764
"99","Abargelie","lst_day",46,37.3822550125027,1.41444781798696,17,39.8126549183694,38.1138043884562,37.3361158253383,36.6770639056879,33.6304675524435
"100","Abargelie","lst_day",47,36.9637986163286,1.23784437529014,17,39.354963433624,37.6809063857812,36.765059006438,36.0358745701188,35.1742964985278
"101","Abargelie","lst_day",48,36.5840254540464,1.00011316545671,17,38.6251159843092,37.1648972059791,36.3525962341697,35.9489887732173,34.7546069705364
"102","Abargelie","lst_day",49,36.0434743207478,0.90541722783638,17,37.8898881434102,36.5697073462356,36.0660195221176,35.5477256051789,33.8827169415718
"103","Abargelie","lst_day",50,35.5353333892,0.872246796987488,17,36.7312271264506,36.1567433737063,35.6577861246026,35.0056420859192,33.0491146609839
"104","Abargelie","lst_day",51,35.2227620119701,0.62264029062123,17,36.4330045070398,35.3221955906751,35.2428622495671,35.076880426263,33.9323845634961
"105","Abargelie","lst_day",52,35.027199032758,0.759393501467764,17,36.6558037145177,35.4892736687108,34.9728034364721,34.7867043798018,33.2038874952508
"106","Abargelie","lst_day",53,34.4818445268693,1.11331395751863,3,35.7672801490767,34.8104390021293,33.8535978551819,33.8391267157656,33.8246555763493
"107","Abargelie","lst_mean",1,27.3936110495619,0.56685709169151,18,28.1054807918347,27.8754753851362,27.5300378215708,26.9769538766496,26.3074472495886
"108","Abargelie","lst_mean",2,27.4659143476852,0.614888771412736,17,28.3191858787194,27.9711205913963,27.3898025753286,27.1999870644336,26.4241329364995
"109","Abargelie","lst_mean",3,27.7979194068808,0.613903345802817,17,29.2057348322428,28.0682259246552,27.8518887308046,27.5280402754923,26.498849286994
"110","Abargelie","lst_mean",4,28.565512529149,0.542261369608601,17,29.3974116499277,28.9977300397919,28.6086685143709,28.2618883563944,27.5794171384133
"111","Abargelie","lst_mean",5,29.1637363624144,0.647782062691112,17,30.8064660983815,29.4555095477677,29.0746742999296,28.8257077427422,27.8284336149185
"112","Abargelie","lst_mean",6,29.5500240046668,0.652724529239182,17,30.9959841833162,29.7385999875984,29.6097274201478,29.0692296233372,28.4698273416445
"113","Abargelie","lst_mean",7,30.1305806102538,0.922078448746707,17,31.8004582259462,30.7337476100659,30.2597934790014,29.8464333589692,28.608061006157
"114","Abargelie","lst_mean",8,30.9958754686539,1.36726698034715,17,33.8456037886632,31.6296002557038,31.226860628555,30.291187125935,28.0831490232497
"115","Abargelie","lst_mean",9,31.2382470174138,1.10640475950312,17,33.8296230026595,31.8434825583145,30.8999534319608,30.3852395366152,29.6588446467624
"116","Abargelie","lst_mean",10,31.4755492064894,1.00483907031769,17,33.8349662662524,32.0041332525999,31.208271550531,30.7382989008912,30.3444139313749
"117","Abargelie","lst_mean",11,31.7682235193994,1.13231300556454,17,34.1067376378643,32.2572811219294,31.8733659479423,31.5152498144828,28.6976197330148
"118","Abargelie","lst_mean",12,32.1109151835569,0.983059864278808,17,33.4747944764058,32.7923063762062,32.1268318941045,31.4360937351349,29.6140544456134
"119","Abargelie","lst_mean",13,32.5733441661444,1.15437880272027,17,34.2852599481104,33.3331499009655,32.8049193238028,31.8407474639845,29.4491449563236
"120","Abargelie","lst_mean",14,32.5845916584587,1.12319638348121,17,34.3265418612117,33.1751110648043,32.8354145733964,31.6398117483791,30.3106207806409
"121","Abargelie","lst_mean",15,32.4315779117522,1.31418043704608,17,34.424646440126,33.3165051536648,32.3586041465012,31.4338678479207,30.1924202245357
"122","Abargelie","lst_mean",16,32.6180125228298,1.10761961521084,17,34.5037226547413,33.4832407936516,32.4484383687008,31.810862803817,30.9781808297054
"123","Abargelie","lst_mean",17,32.5523227139753,1.32247475392731,17,34.2704251059858,33.7260886771278,32.672915866953,31.6921110046531,29.9240170635594
"124","Abargelie","lst_mean",18,32.5753213247978,1.86712526726511,17,35.1044997449714,33.6083730617366,33.1245730035495,31.3435051426165,27.7216966115788
"125","Abargelie","lst_mean",19,32.8238423897156,1.25411885096391,17,34.9227305645799,33.4533768211836,32.6886678453428,32.1611025410772,30.2834169628701
"126","Abargelie","lst_mean",20,32.3979491776766,1.55858298430058,17,35.129321154362,33.2891672594829,32.2867286520189,31.9599061243079,28.9813907590646
"127","Abargelie","lst_mean",21,31.7454632487974,1.8677562812854,17,34.6867151241477,32.9186724426093,31.8499732081862,30.8855807706674,28.4981080406745
"128","Abargelie","lst_mean",22,31.2456536918836,1.73681654688587,17,35.0131277831416,32.462163808771,31.2184879197461,29.9386411947001,28.2638695771305
"129","Abargelie","lst_mean",23,30.1478165970324,2.16095782832605,17,33.5025214288477,31.9365505033363,29.8477938491152,28.9307658288224,24.8662652242333
"130","Abargelie","lst_mean",24,28.1857930328704,1.75811718235824,17,32.855904811417,28.5628910000646,28.1326808208737,27.4440348112861,24.8662652242333
"131","Abargelie","lst_mean",25,27.2308262520575,2.53437699624174,17,32.060292531007,27.9696990808789,27.4771089629328,25.4107667123529,23.0527047234183
"132","Abargelie","lst_mean",26,25.7836585104889,2.79492671854683,17,29.9899992182964,28.4245676629487,25.2921309894273,23.4403324528059,21.370553345321
"133","Abargelie","lst_mean",27,24.7573075479967,2.79871859451993,17,29.6631403092002,26.6882311113343,24.357455856473,23.0769478170349,18.3191182823461
"134","Abargelie","lst_mean",28,23.7942546932017,2.07669611461403,17,27.5465238191178,24.533053291769,23.6801459821686,23.0553171576593,19.3099189709011
"135","Abargelie","lst_mean",29,23.0859885484707,1.47679143490068,17,25.3081886634134,23.9791411959322,23.0398416979086,22.605470154438,19.4814034009724
"136","Abargelie","lst_mean",30,23.3213144159306,1.42923488802924,17,26.9956099553224,23.5746113596375,23.014991637449,22.2669305385794,21.1687582596019
"137","Abargelie","lst_mean",31,22.525254810844,1.73536812517856,17,26.1812273805006,23.7563575321499,22.2874183609739,21.4694277837305,19.1746027207542
"138","Abargelie","lst_mean",32,21.8635098970567,1.47402766667069,17,24.2523874107305,22.7128600549761,21.94955626602,20.9937973035734,19.1746027207542
"139","Abargelie","lst_mean",33,22.2236517498296,1.3854369635025,17,24.2752172592661,23.1827906836551,22.31251534488,21.2766882237769,18.9224420640214
"140","Abargelie","lst_mean",34,22.3216849137473,1.24005472678621,17,24.2410396073892,22.9950395699221,22.3529436589348,21.8987225702127,19.1556620594209
"141","Abargelie","lst_mean",35,22.4576526974242,1.50128222116489,17,24.3698553137142,23.5230516035294,22.6158635096544,21.6130565461988,19.1556620594209
"142","Abargelie","lst_mean",36,23.86812850982,1.38488523168343,17,25.6714719846013,24.826223378472,24.0531053858418,23.0609717851916,19.7719438682671
"143","Abargelie","lst_mean",37,25.2234360346001,1.28301624722057,17,27.6639988915002,26.0475930335556,25.2347541487858,24.419281901788,22.3395506391193
"144","Abargelie","lst_mean",38,27.0058685231812,1.23849194591695,17,29.4897950564347,27.6417452440346,26.8948541764234,26.6259663280389,24.4054804573206
"145","Abargelie","lst_mean",39,28.4401934400087,0.817655627067715,17,29.9946541308803,28.9134580454649,28.271120512567,27.8034436674683,27.1986341268124
"146","Abargelie","lst_mean",40,29.3291040968846,0.905567412435074,17,30.4951216587724,30.1309873032585,29.5000248645218,28.9047854844225,27.36247714356
"147","Abargelie","lst_mean",41,29.7763371254602,0.846074480484105,17,31.1650580213095,30.3807119195645,29.8380228746235,29.5203100147371,27.700007014092
"148","Abargelie","lst_mean",42,29.8744354819871,0.925121190968987,17,31.4834448011913,30.3841958036593,29.8149766054987,29.4505066230714,27.8779902487619
"149","Abargelie","lst_mean",43,29.913033031539,0.887384440028168,17,31.5419892384681,30.4744568750004,29.8709456620279,29.6558934440769,27.6022854890258
"150","Abargelie","lst_mean",44,29.6154673828117,1.00877786297597,17,31.5894952612555,30.3104788185086,29.5747859938659,28.693629397709,27.7911273441144
"151","Abargelie","lst_mean",45,29.349732010876,1.04299960086056,17,30.9092355218328,30.129894849036,29.2937572772152,28.5962695998586,27.5006296444515
"152","Abargelie","lst_mean",46,29.134742812488,0.841373926708919,17,30.5710841109507,29.5673634737658,29.10003848753,28.6433657576682,27.0819328007297
"153","Abargelie","lst_mean",47,28.7025801229763,0.765779266359295,17,30.380488725035,29.1557677588602,28.4705661389529,28.1669343965765,27.7658308899486
"154","Abargelie","lst_mean",48,28.4993166522325,0.734912478341802,17,29.9832528177439,29.112390922332,28.436326483263,28.0990142085612,27.0710668850113
"155","Abargelie","lst_mean",49,28.0813029613105,0.757148074918449,17,29.2897254314771,28.5482399404872,27.8171317782829,27.6904054433109,26.3590805344123
"156","Abargelie","lst_mean",50,27.7322478884184,0.622314924169784,17,28.7731295416421,28.1760908810241,27.9001089196178,27.2813549998189,26.2253842983399
"157","Abargelie","lst_mean",51,27.4751629726121,0.629245403801719,17,28.4051707525462,27.8848503157015,27.6058801402382,27.1623610186168,26.3441719365418
"158","Abargelie","lst_mean",52,27.2749418385977,0.703266423916221,17,28.5110975283401,27.7309794571543,27.3667876431122,27.0045833980368,25.4196895709566
"159","Abargelie","lst_mean",53,27.1574131823499,0.539984951223434,3,27.6692542761024,27.4395630862819,27.2098718964615,26.9014926354736,26.5931133744857
"160","Abargelie","lst_night",1,19.743177909442,0.695139439493933,18,20.9745544917259,20.142302652052,19.7949147449499,19.457016863498,17.9605760332034
"161","Abargelie","lst_night",2,19.9848110710469,0.691432614392146,17,21.1830022728542,20.4734440094057,20.1605014457759,19.6269312969509,18.4043532247462
"162","Abargelie","lst_night",3,20.358627206308,0.573780618893809,17,21.2262659883909,20.6156413370987,20.5334960217379,19.9152707384905,19.1910971385852
"163","Abargelie","lst_night",4,20.7978338978311,0.487037156168094,17,21.5326256407172,21.1852517049476,20.69440641555,20.4065744287636,19.9395360197983
"164","Abargelie","lst_night",5,21.0793610290512,0.618102876092832,17,22.1421939702768,21.4692298013355,21.0757590369432,20.7563060871124,19.5467942443941
"165","Abargelie","lst_night",6,21.2847191295147,0.548524631863314,17,22.3124320399404,21.6816307345376,21.3600420628408,20.7709196742754,20.4132919190611
"166","Abargelie","lst_night",7,21.5944197901516,0.741952165852117,17,23.2362417437942,21.8791880024233,21.6094953686683,21.242509463065,20.3814253674591
"167","Abargelie","lst_night",8,22.218372571403,0.88760210891997,17,23.9856497828114,22.8342841245767,22.2120595017644,21.4767302509347,20.9985252656318
"168","Abargelie","lst_night",9,22.0822130697029,0.865146441265001,17,24.0254556173503,22.6305348296648,22.089330689547,21.2475245530248,20.8336919364927
"169","Abargelie","lst_night",10,22.2548983520293,0.877267518341529,17,24.0921200334637,22.6857314177642,22.1066228258888,21.7475216927762,20.5983498697851
"170","Abargelie","lst_night",11,22.342081804212,0.842810378341182,17,23.8950190120603,22.8559459965419,22.4166707197085,22.0516803960647,20.2101218490464
"171","Abargelie","lst_night",12,22.3978818995422,1.2452711265988,17,24.4960051042548,22.8222231435852,22.7440021936757,22.1007311679329,18.9745361581782
"172","Abargelie","lst_night",13,22.5233934500989,1.39596677513932,17,24.0415851546959,23.4856478984845,22.7623201465233,22.1737338336109,19.1815049570802
"173","Abargelie","lst_night",14,22.7049481214427,0.890487823154196,17,24.0242034422417,23.2126695265061,23.0945595493329,21.865283431611,20.7238899635639
"174","Abargelie","lst_night",15,22.4556700551634,1.05875435126054,17,24.1049027668916,22.7449375072504,22.4684164472889,22.0531200709047,20.7317906997728
"175","Abargelie","lst_night",16,22.8503221674308,0.803829274465833,17,24.3807302473241,23.3263255012034,22.8476457207673,22.3477720504607,21.6467443970443
"176","Abargelie","lst_night",17,22.8390039957757,0.801302722085621,17,24.107508502488,23.4403694508262,22.9898275871593,22.4364140031881,21.3009861781248
"177","Abargelie","lst_night",18,23.0282620973463,0.931307173395838,17,24.3985302986873,23.6827958623374,23.0857942369681,22.5946625492579,20.8906936205961
"178","Abargelie","lst_night",19,23.406607330047,0.681325096298061,17,24.5052412153234,23.986738936739,23.3062235879671,22.8539818404902,22.4061821511893
"179","Abargelie","lst_night",20,22.8967944269465,0.937692208498015,17,24.3095550287897,23.5375743925501,23.2911028652204,22.4686819164157,20.977593080637
"180","Abargelie","lst_night",21,22.4030638714977,1.42464840054412,17,24.148952081015,23.3815581806616,22.715161079259,21.8608773376854,19.3206412307143
"181","Abargelie","lst_night",22,22.0293595473976,1.09821726301386,17,24.3492120321944,22.9365643381011,22.0494018034601,21.3020428175631,19.7579874227929
"182","Abargelie","lst_night",23,21.2077678674675,1.59027091225109,17,23.3023597296636,22.560454042986,21.3508365439762,20.3388156238319,17.8891406119548
"183","Abargelie","lst_night",24,19.9388057844876,1.30845057797905,17,23.0060420481099,20.8689065451564,19.6809996814444,19.0478070578623,17.8891406119548
"184","Abargelie","lst_night",25,19.3400071522077,2.57171687286252,17,23.2065023597816,21.5510161689204,19.1299511916373,17.2714230959403,15.6110916228001
"185","Abargelie","lst_night",26,18.6833021264502,2.11085691705041,17,21.9688561286257,20.5348185961439,18.554211749756,17.399766435727,15.2642194146515
"186","Abargelie","lst_night",27,17.8609465007415,2.34493410822805,17,21.5479709175322,18.9930316128259,18.0506746348493,17.2036183064857,11.4753164365484
"187","Abargelie","lst_night",28,17.6677681729019,1.61605639239893,17,20.0284740266715,18.5296458034672,17.7544256477757,17.438869907177,13.7828652946949
"188","Abargelie","lst_night",29,17.3494162095387,1.26533308915063,17,19.1975388419922,18.0992527508411,17.280215383955,16.5930224376558,15.0006356612432
"189","Abargelie","lst_night",30,17.5969476743345,1.1742442857199,17,19.7002329797898,18.2737276915425,17.7961230808603,16.6499970703095,16.1362490834921
"190","Abargelie","lst_night",31,17.1362163333335,1.50612793201472,17,19.867198584416,18.0025874462195,17.0189182006445,16.1127456075039,14.2034643794505
"191","Abargelie","lst_night",32,16.7154064872587,1.45517750307128,17,19.0591895921323,17.5751506832165,17.0238889342928,15.463971939045,14.2034643794505
"192","Abargelie","lst_night",33,17.2917477948563,1.95316406061885,17,19.3359158101422,18.7231602555565,17.5613947870466,16.4835418569811,11.1231374276583
"193","Abargelie","lst_night",34,17.7191020040914,1.19273199369775,17,19.6859198562881,18.4624787649782,17.7058137013429,17.2342131535492,14.2972481165512
"194","Abargelie","lst_night",35,17.6328011846578,1.56936177053155,17,19.4070017384578,18.6836248232646,17.7927636125708,17.3310891815308,14.2261771288414
"195","Abargelie","lst_night",36,18.5294136400787,1.32487347045545,17,20.1636815941774,19.1457139425914,18.8075459189592,17.9035672063106,14.3510043720729
"196","Abargelie","lst_night",37,19.093284432978,1.02000604283718,17,21.04179642027,19.8231922789812,18.9937811573494,18.6202529094944,17.2422622422244
"197","Abargelie","lst_night",38,20.2405037055676,0.952977946929251,17,21.9097038415103,20.7697935249098,20.4140484862596,19.7144503893445,18.4121906941125
"198","Abargelie","lst_night",39,21.0466873081943,0.579916666577781,17,22.1412006538062,21.4094106905782,20.9915234813523,20.6514810932042,20.1134982008554
"199","Abargelie","lst_night",40,21.2565074020512,0.89081956071721,17,22.2628518949761,21.9772944196304,21.3276197637042,21.0993452244421,18.5646626211924
"200","Abargelie","lst_night",41,21.5406831014641,0.594605151229964,17,22.3018466342055,21.8357397271962,21.6327052550624,21.3090842723767,20.1732232337428
"201","Abargelie","lst_night",42,21.4887857833007,0.549190022253186,17,22.3672713596431,21.8285358411863,21.602110145351,21.2492094911151,20.3060668880802
"202","Abargelie","lst_night",43,21.4565646731567,0.491681168936731,17,22.4466865738334,21.7315157476328,21.4957018135572,21.1027355270499,20.5050149426508
"203","Abargelie","lst_night",44,21.1617056739469,0.566898312114184,17,22.4283361086748,21.7528243113768,20.913192792419,20.7572255833895,20.4741870295705
"204","Abargelie","lst_night",45,20.9688672056562,0.771292796931499,17,22.067955462369,21.5249475917751,21.0546010045243,20.6950898615235,18.9417169225444
"205","Abargelie","lst_night",46,20.8872306124734,0.472368967329031,17,21.7437051820217,21.2258508779307,20.954074866087,20.4742907841685,20.015393158359
"206","Abargelie","lst_night",47,20.441361629624,0.550294738239681,17,21.5477047732394,20.7172648412224,20.3481387085548,20.1514994761326,19.2126274452517
"207","Abargelie","lst_night",48,20.4146078504185,0.658547242497154,17,21.3413896511786,20.8524138227345,20.4713998032198,20.0974395496275,18.7742458058382
"208","Abargelie","lst_night",49,20.1191316018732,0.805730431218248,17,21.3983103971265,20.8398278756393,19.8937677699083,19.713376750598,18.8354441272528
"209","Abargelie","lst_night",50,19.9291623876368,0.660530606283984,17,21.3614244406404,20.3946966878199,19.7827169477096,19.4144291072649,18.8457723622647
"210","Abargelie","lst_night",51,19.7275639332542,0.930234816085521,17,21.0469210282901,20.3608649674171,19.9677699635841,19.1510071021324,17.5880441975929
"211","Abargelie","lst_night",52,19.5217683037261,1.00359006214322,17,20.8139541034441,20.158608973938,19.5695450296382,19.2043855345075,16.4483988561461
"212","Abargelie","lst_night",53,19.8329818378305,0.643534176733592,3,20.5661459377411,20.0686871704346,19.5712284031282,19.4663997878752,19.3615711726222
"213","Abargelie","ndvi",1,0.217638617541759,0.0137478782994239,18,0.25094382563252,0.222777587319575,0.2152219649795,0.208776073647453,0.195581283944724
"214","Abargelie","ndvi",2,0.21423818811109,0.0141292671114621,17,0.249338196331686,0.220178293267764,0.209407928489362,0.204518830058979,0.195790119114507
"215","Abargelie","ndvi",3,0.211447888210484,0.0142706588484941,17,0.242258273646581,0.216880162646505,0.205685574112091,0.20301346865749,0.193002090624256
"216","Abargelie","ndvi",4,0.207456576179687,0.0141566178834263,17,0.235386049052904,0.211177561211514,0.202811706389132,0.198506331205922,0.18769831659243
"217","Abargelie","ndvi",5,0.202739254865483,0.0134821360649884,17,0.230184838088481,0.205450744995788,0.199145250359523,0.193785095620815,0.183390204480205
"218","Abargelie","ndvi",6,0.199530209458856,0.0127737021023996,17,0.227367648520136,0.201741756084543,0.196399530643623,0.190592881428228,0.179691703143461
"219","Abargelie","ndvi",7,0.196684828130445,0.0118890509137127,17,0.223141995097474,0.199110323585939,0.191957703127145,0.188739225706759,0.177377905255266
"220","Abargelie","ndvi",8,0.193713367092052,0.0112575185317238,17,0.218424932809891,0.199037389141214,0.189859673741588,0.187180780186409,0.174529790972557
"221","Abargelie","ndvi",9,0.191919006815908,0.0115238220472267,17,0.217872316381822,0.200514300022893,0.190391714792957,0.185563761285797,0.170601958525615
"222","Abargelie","ndvi",10,0.190440876970937,0.0111737198876479,17,0.215937185260384,0.197213852767853,0.190278318165521,0.183068839360392,0.167266642909636
"223","Abargelie","ndvi",11,0.188881109547169,0.0105946241563002,17,0.213392520243702,0.193925177411526,0.188814108046836,0.182385574835516,0.164879214240015
"224","Abargelie","ndvi",12,0.187691222710785,0.0118958884813202,17,0.219610021655568,0.193678606119834,0.188164088652437,0.180108654605951,0.162503798578129
"225","Abargelie","ndvi",13,0.185935127245304,0.0108181109814208,17,0.213072266082218,0.191992866894258,0.183689612947528,0.182515861430784,0.161845461655869
"226","Abargelie","ndvi",14,0.185257195921592,0.0106725190503328,17,0.215505439442649,0.187966372975845,0.182840703282508,0.179901895187895,0.167847271712132
"227","Abargelie","ndvi",15,0.184256729527293,0.0122061459824001,17,0.218074066167547,0.191098393605522,0.180012308407504,0.178007880727797,0.164965238635503
"228","Abargelie","ndvi",16,0.184020619760734,0.0132548627016221,17,0.21696887785319,0.193534820471707,0.18063217012771,0.176674350494999,0.164810960673188
"229","Abargelie","ndvi",17,0.184101615817178,0.0128514954465539,17,0.21197585138493,0.191174269894593,0.177482553945303,0.175548441366901,0.168829919446165
"230","Abargelie","ndvi",18,0.1871558094743,0.0129707171316298,17,0.209747067392444,0.193626148169241,0.18706401986611,0.1756738506533,0.171864487348297
"231","Abargelie","ndvi",19,0.18781159466848,0.0132883445211133,17,0.212269397731166,0.198643098986749,0.183485717648138,0.175954965431321,0.1724093065827
"232","Abargelie","ndvi",20,0.189118265170493,0.0150225557365277,17,0.228952586494998,0.194306187172562,0.183744315416927,0.180488491834453,0.171470030033494
"233","Abargelie","ndvi",21,0.188113860721323,0.0171206437743199,17,0.239161567101302,0.195587935792943,0.184820100682661,0.176926260822274,0.168076422699229
"234","Abargelie","ndvi",22,0.18276387558403,0.0178861229481397,17,0.226413427337831,0.19363815046548,0.184592846419921,0.166804966815918,0.159141546218006
"235","Abargelie","ndvi",23,0.178002680874339,0.0182048239803397,17,0.232873429367522,0.185694404156562,0.174347963593075,0.165069529371681,0.153651767093797
"236","Abargelie","ndvi",24,0.170212001170789,0.0211996926376662,17,0.229461417710997,0.175799840391079,0.171927597875125,0.160917494122437,0.1270156596286
"237","Abargelie","ndvi",25,0.172839174197139,0.0145281291809201,17,0.202206647382573,0.178443139624174,0.16903092034934,0.163705907853292,0.15050848207242
"238","Abargelie","ndvi",26,0.175530068827476,0.0156374576235205,17,0.201819356676337,0.186142522678013,0.17575122800187,0.168597870046476,0.143546432735034
"239","Abargelie","ndvi",27,0.187185289397202,0.0292520608633559,17,0.25186556722758,0.19584969369264,0.191262146427868,0.179063047673516,0.125287869241962
"240","Abargelie","ndvi",28,0.205526279619194,0.0424312608134473,17,0.291877100880067,0.222872138063263,0.197889484286888,0.186432528492061,0.115784989031836
"241","Abargelie","ndvi",29,0.214640227925897,0.0339026028187984,17,0.285502946809577,0.244281580611827,0.211173814493516,0.194433126697673,0.16235203345457
"242","Abargelie","ndvi",30,0.248221921964089,0.0487705472375434,17,0.355034238161601,0.269052583020761,0.243028515746317,0.218637078493779,0.166139003932391
"243","Abargelie","ndvi",31,0.257921005317334,0.0618090064459948,17,0.373030905235563,0.283320094642417,0.26171406862223,0.227029161690114,0.149109102556015
"244","Abargelie","ndvi",32,0.29457452934065,0.0736027296840407,17,0.412272375455476,0.351748783988266,0.296882336286722,0.248109194679679,0.129843244231838
"245","Abargelie","ndvi",33,0.338361069242206,0.0494957422970723,17,0.408338210345259,0.369298046873635,0.343209877478556,0.30536653869177,0.247384160546358
"246","Abargelie","ndvi",34,0.364819482125861,0.0340366197270725,17,0.417665417727587,0.390662585757094,0.362345804401918,0.345604636116612,0.305488102755725
"247","Abargelie","ndvi",35,0.389593701762601,0.0333422444573606,17,0.446219488494909,0.404903981585968,0.392981525181488,0.353685755095831,0.340355644623269
"248","Abargelie","ndvi",36,0.409434779576368,0.0376326189798519,17,0.468628594047414,0.443538127761549,0.414932152205203,0.378014329017867,0.354162540483361
"249","Abargelie","ndvi",37,0.416547170753913,0.0323630795390546,17,0.463432583304151,0.442594540435918,0.42163503975511,0.395734050669115,0.351088177020499
"250","Abargelie","ndvi",38,0.398731628443256,0.031432051096559,17,0.447297071920302,0.424590310096778,0.396560044628627,0.374850335088286,0.336686594416404
"251","Abargelie","ndvi",39,0.36088138867643,0.0327782915062167,17,0.424128583250642,0.383497202082719,0.36276264370227,0.337667838235899,0.311413963669581
"252","Abargelie","ndvi",40,0.330083491834832,0.0280100689043098,17,0.394202852262171,0.342152093315173,0.328939018911485,0.306870443458192,0.285227057505111
"253","Abargelie","ndvi",41,0.307967777814436,0.0258914479295772,17,0.360541223290642,0.325905142403825,0.303540806552064,0.295743403967584,0.263163695554067
"254","Abargelie","ndvi",42,0.289084941805307,0.0224748374653076,17,0.333781190707277,0.301299225982923,0.283961759750636,0.278630417614042,0.251136770472105
"255","Abargelie","ndvi",43,0.274881266472792,0.0221100724704886,17,0.318317338921643,0.287585006201944,0.270236419966979,0.26343818945737,0.231203493676904
"256","Abargelie","ndvi",44,0.265184958086652,0.0216366187809253,17,0.307095478480418,0.275061124404597,0.262129504177476,0.253275037892479,0.22315867640222
"257","Abargelie","ndvi",45,0.25752832121966,0.0214835496314558,17,0.299964939328383,0.268051352813958,0.253070543215251,0.245449017292804,0.218412280176002
"258","Abargelie","ndvi",46,0.250438710125936,0.0204355141650195,17,0.289663604706604,0.258828296165552,0.246954780787419,0.237801987212142,0.214627078978581
"259","Abargelie","ndvi",47,0.244435554933022,0.0193123118079559,17,0.279140627581014,0.253221597834377,0.242189908340826,0.231313829139556,0.209466611425528
"260","Abargelie","ndvi",48,0.238527020738634,0.0181260168152125,17,0.271368589671363,0.246843142966502,0.237072908014925,0.225209643400988,0.204644741275407
"261","Abargelie","ndvi",49,0.233137708594482,0.0168236142506248,17,0.265432202288653,0.242850417208528,0.231203637157715,0.220777624193267,0.200962096441064
"262","Abargelie","ndvi",50,0.228269342363751,0.0153635237347687,17,0.256807192169611,0.239202550378113,0.225755412653943,0.219764698969879,0.198920958493404
"263","Abargelie","ndvi",51,0.224229189317986,0.01382726937932,17,0.24919188455872,0.22898011617315,0.220277973732676,0.217962717224723,0.198354522158378
"264","Abargelie","ndvi",52,0.220052117284019,0.0122746552527563,17,0.243446761705286,0.221767482023892,0.217662885846208,0.213387961456009,0.197094339880133
"265","Abargelie","ndvi",53,0.205255694609878,0.00831295816009471,3,0.211356341053748,0.209989900396946,0.208623459740143,0.202205371387943,0.195787283035742
"266","Abargelie","ndwi5",1,-0.091755809639224,0.00346793988239006,18,-0.0871699062354065,-0.0889050677416779,-0.0915884237417212,-0.0934202367114274,-0.0980841473959256
"267","Abargelie","ndwi5",2,-0.092133642569015,0.00308275986136687,17,-0.0884226312957797,-0.090335514102253,-0.0915277792929222,-0.0929202465464927,-0.0986280843709372
"268","Abargelie","ndwi5",3,-0.0928647316369704,0.00340467000010493,17,-0.0886133944256287,-0.0899396160387594,-0.0928707428813125,-0.0951156262090524,-0.100777936465541
"269","Abargelie","ndwi5",4,-0.0930226909561398,0.00412752708017879,17,-0.0862799028663056,-0.0910327426969974,-0.0926626062731014,-0.0957214998403737,-0.101491953447299
"270","Abargelie","ndwi5",5,-0.0927750846494777,0.00437096827263469,17,-0.0842279914461852,-0.0900694024468981,-0.0924334190996843,-0.096034156501937,-0.0997522656865486
"271","Abargelie","ndwi5",6,-0.0930351227442921,0.0041738674518817,17,-0.0847776599898914,-0.0916715199888232,-0.0923714604270318,-0.0951069335795367,-0.100021600285199
"272","Abargelie","ndwi5",7,-0.0927157812790826,0.00371048149220248,17,-0.0857963165073663,-0.0909506523240814,-0.0921963892075266,-0.0935450907667771,-0.100055808015255
"273","Abargelie","ndwi5",8,-0.0917592786030607,0.00373898529099122,17,-0.0849597582550508,-0.0893632184092254,-0.0919713744172008,-0.09339065592102,-0.0986710302492652
"274","Abargelie","ndwi5",9,-0.0914440466956377,0.00419761242522114,17,-0.085621917740905,-0.0875238155025862,-0.090910631359168,-0.0942220392350478,-0.0991187514147596
"275","Abargelie","ndwi5",10,-0.0912911247891402,0.0044890906995562,17,-0.0837248675285694,-0.0887302688225786,-0.090293407025232,-0.0949040638356382,-0.0985353576148253
"276","Abargelie","ndwi5",11,-0.0906938199546758,0.0043534541549465,17,-0.0832397426518832,-0.0882567689366346,-0.0897391703971009,-0.0934782632957236,-0.0982336429627899
"277","Abargelie","ndwi5",12,-0.0896518336997324,0.00434033905369827,17,-0.0830840364638997,-0.0866360117402016,-0.0891842030543327,-0.0920785151823203,-0.097769043272839
"278","Abargelie","ndwi5",13,-0.0887982359824312,0.00374272756087996,17,-0.0828903736725107,-0.085728054269678,-0.088117392505639,-0.0910790597488922,-0.0946056737395705
"279","Abargelie","ndwi5",14,-0.0882581924025318,0.00255634702286685,17,-0.0842222941248974,-0.0862605447867374,-0.0882636372751007,-0.0896255545574459,-0.0936075169887555
"280","Abargelie","ndwi5",15,-0.0873922148769135,0.00274569002852212,17,-0.0837260692327175,-0.0850806700999852,-0.0871018727560688,-0.0902198752081929,-0.092484581790601
"281","Abargelie","ndwi5",16,-0.0866161399813262,0.00336354334624897,17,-0.0817623891103019,-0.0843239710947679,-0.0857965653609781,-0.0891543140884755,-0.0942808866442534
"282","Abargelie","ndwi5",17,-0.086129870259664,0.00325467190478306,17,-0.0803152132964688,-0.0843961127573882,-0.0855928017872829,-0.0873086896039707,-0.0933105974344015
"283","Abargelie","ndwi5",18,-0.0856781754166411,0.00381601099488521,17,-0.079873533947775,-0.0816829470199193,-0.0868751247213782,-0.0880139365177181,-0.0919704109873311
"284","Abargelie","ndwi5",19,-0.0850907151747211,0.00503651633582931,17,-0.0720243189738242,-0.081238155076968,-0.0869326366728279,-0.0881083046694361,-0.0904836656432842
"285","Abargelie","ndwi5",20,-0.0839546716516978,0.00574924462499347,17,-0.0718134255893214,-0.0803098234494405,-0.084364804149099,-0.0884309533453414,-0.0909448555855595
"286","Abargelie","ndwi5",21,-0.0823917690568427,0.00636231412336678,17,-0.0676009027629465,-0.0792452499864122,-0.0814230193323778,-0.0872501365652166,-0.0910959388259137
"287","Abargelie","ndwi5",22,-0.0806991569194384,0.00732989269789684,17,-0.0610867862308155,-0.0767038309786479,-0.0811417654626951,-0.0854219706388479,-0.0906441393042045
"288","Abargelie","ndwi5",23,-0.080252140164572,0.00667753276332707,17,-0.0636342712137426,-0.0771961665992631,-0.0806780251219521,-0.0854005015664276,-0.0902096505687172
"289","Abargelie","ndwi5",24,-0.0810186671170932,0.00765029819800743,17,-0.0666096984746095,-0.0747732923704511,-0.0802833086053743,-0.0871118913010924,-0.0944601944101995
"290","Abargelie","ndwi5",25,-0.0807661128058089,0.00699634319491475,17,-0.0707773802303498,-0.0737230113017328,-0.081077817243187,-0.0852731107678322,-0.0928724994860288
"291","Abargelie","ndwi5",26,-0.079480988403409,0.00509091483832878,17,-0.073396127283731,-0.0753133013937794,-0.0786330800745999,-0.0830565431169071,-0.0896609584118587
"292","Abargelie","ndwi5",27,-0.0752986280406117,0.00725955720205737,17,-0.0620974279173392,-0.070095306629826,-0.0764768402046413,-0.0808715249614996,-0.0858506254674513
"293","Abargelie","ndwi5",28,-0.0708818050618557,0.0128180190566223,17,-0.0504865460456376,-0.0626681304125372,-0.0722471807109446,-0.0796015499109706,-0.0985501926268079
"294","Abargelie","ndwi5",29,-0.0651503950626032,0.0162525841093471,17,-0.0183045190482098,-0.057732855922983,-0.0694544092903875,-0.0743302069761684,-0.0897680709425295
"295","Abargelie","ndwi5",30,-0.0549277387182081,0.0199058321879136,17,-0.00671528168714055,-0.0434997549274401,-0.0613410048524272,-0.0664336142606794,-0.081096441064606
"296","Abargelie","ndwi5",31,-0.0515548688597742,0.022173529191045,17,-0.00714496672804812,-0.0386693115580169,-0.0508573394283784,-0.0641940930508629,-0.0882379856241242
"297","Abargelie","ndwi5",32,-0.0421963501519214,0.0218782910078571,17,-0.00513759618326125,-0.0262278379103108,-0.0408439398028653,-0.0549888805164403,-0.0876551460851202
"298","Abargelie","ndwi5",33,-0.0335321083826239,0.0155857665137942,17,-0.00394727889571261,-0.0266328350969237,-0.0357222898960225,-0.0439026514315069,-0.0531199805413725
"299","Abargelie","ndwi5",34,-0.0281685386687051,0.0116890595491459,17,-0.00580200145679388,-0.0241062076865061,-0.0295304378801402,-0.0338843789988552,-0.0443141114770121
"300","Abargelie","ndwi5",35,-0.0215077050287304,0.00895403275285687,17,-0.00804091719072028,-0.0155808660226947,-0.0187870511237825,-0.0260226006842018,-0.0378177728703465
"301","Abargelie","ndwi5",36,-0.0200411875227966,0.0097389059411519,17,-0.00442882248208559,-0.0109944521847558,-0.0191376361688994,-0.0282950822764655,-0.0384485506825555
"302","Abargelie","ndwi5",37,-0.0229338406675782,0.00872327887105734,17,-0.0127420119179791,-0.0138965333267103,-0.0233429829463555,-0.0281396438047103,-0.0414967155120601
"303","Abargelie","ndwi5",38,-0.032323237041835,0.00738252830847072,17,-0.0209407007533526,-0.0277599986224446,-0.0305602008891345,-0.0381061517420716,-0.0493927562367274
"304","Abargelie","ndwi5",39,-0.0458210151643078,0.00748931078830815,17,-0.030418479663792,-0.0402246513801939,-0.044624438514959,-0.0514530184753639,-0.0591534339486343
"305","Abargelie","ndwi5",40,-0.0575202131359351,0.00511630987171235,17,-0.0469091857631809,-0.0535896694166055,-0.0576111523341845,-0.0620127746057036,-0.0647986695927115
"306","Abargelie","ndwi5",41,-0.0654074655402606,0.00463322434605901,17,-0.0586613991023975,-0.0620907577564499,-0.0651922417585214,-0.0690520474326029,-0.073789643060744
"307","Abargelie","ndwi5",42,-0.0716955691624655,0.00401370920412989,17,-0.0648924383164928,-0.067708703132777,-0.0729424356886713,-0.0751109161051584,-0.0776216110878087
"308","Abargelie","ndwi5",43,-0.0762775251088612,0.00318141342584636,17,-0.0700520409645834,-0.0733072307969853,-0.0772668038011834,-0.0787185774017777,-0.0803516783411338
"309","Abargelie","ndwi5",44,-0.0795402677823318,0.00304823020602723,17,-0.0755164203019493,-0.0767664812770439,-0.0796764142217476,-0.0822067383354128,-0.0854018270635119
"310","Abargelie","ndwi5",45,-0.0822345277076711,0.00369523216266799,17,-0.0772953053630283,-0.078706554130513,-0.0831888476873849,-0.0850575370431763,-0.0889878113601118
"311","Abargelie","ndwi5",46,-0.0841405594035966,0.00388987183160935,17,-0.0781638738598511,-0.0805000086568149,-0.083918409025188,-0.0864328241332824,-0.0923975085178603
"312","Abargelie","ndwi5",47,-0.0854695879869281,0.00360845159442252,17,-0.0803267975483075,-0.0834655794200892,-0.0845861571444553,-0.0871867523826994,-0.0935732028201134
"313","Abargelie","ndwi5",48,-0.0869230030497371,0.00374735342159608,17,-0.080816917662638,-0.0841008095066336,-0.0862644834294038,-0.0890003239690293,-0.0945688833215896
"314","Abargelie","ndwi5",49,-0.0879558365337809,0.00400447485198385,17,-0.0818274423189207,-0.0854208258607017,-0.0871251412206594,-0.0909564749829999,-0.0958622366359114
"315","Abargelie","ndwi5",50,-0.088646811817898,0.00362050528727325,17,-0.0841528029201397,-0.0858474291414653,-0.0879080752260928,-0.0895778839137839,-0.0964619271258104
"316","Abargelie","ndwi5",51,-0.0896511328966194,0.0029886968762037,17,-0.085701535400398,-0.0878209005525015,-0.0883764802399714,-0.0916161038117769,-0.0966132782121438
"317","Abargelie","ndwi5",52,-0.0908456924070334,0.00299145654793073,17,-0.087650527719692,-0.0884063256496082,-0.0901296369354177,-0.0920390670206744,-0.0971357020267161
"318","Abargelie","ndwi5",53,-0.090332178061205,0.00232901647675059,3,-0.0879990607740959,-0.0891697311163641,-0.0903404014586323,-0.0914987367047595,-0.0926570719508866
"319","Abargelie","ndwi6",1,-0.0767143551276292,0.00937879051920029,18,-0.0573789227387871,-0.0719210499177784,-0.0762092097274643,-0.0811738677127645,-0.0953219303555072
"320","Abargelie","ndwi6",2,-0.0785231175477272,0.00881110488337498,17,-0.0607876864757076,-0.0743481426250817,-0.077354726498776,-0.0837274127719565,-0.092511595165631
"321","Abargelie","ndwi6",3,-0.0814757452475211,0.00821050663680549,17,-0.0668906739780574,-0.075883681803175,-0.0803759991986967,-0.0861668053784734,-0.0967016819360366
"322","Abargelie","ndwi6",4,-0.0834914037199372,0.00821886395833095,17,-0.0705826239985476,-0.0780771553131217,-0.082606164991739,-0.0902479264279504,-0.100523933764632
"323","Abargelie","ndwi6",5,-0.0846877277678546,0.00754131132912765,17,-0.0735267034666906,-0.0790616049174984,-0.0852061574772009,-0.0899528749275425,-0.100683009640525
"324","Abargelie","ndwi6",6,-0.0867071696383619,0.00670078826714389,17,-0.0756277848232861,-0.0812581441681157,-0.0873947509551632,-0.0904181675142704,-0.0998467024748474
"325","Abargelie","ndwi6",7,-0.0878816066951914,0.0060208598521018,17,-0.0764953489892472,-0.0831898160749291,-0.0874542652826244,-0.0915288419790355,-0.0986056671498029
"326","Abargelie","ndwi6",8,-0.0887143712866998,0.00598323739379466,17,-0.0779705118423958,-0.0836085513215831,-0.0886771700078081,-0.0930049849811962,-0.0983830551689993
"327","Abargelie","ndwi6",9,-0.0898925371109137,0.00628221673055157,17,-0.0779497071798088,-0.0872412216497636,-0.0892216552648231,-0.0941085531839188,-0.101422603089613
"328","Abargelie","ndwi6",10,-0.0903590392387253,0.00735821244473911,17,-0.0776855333121652,-0.0849580128148262,-0.09072129333327,-0.094832300609762,-0.104215743985424
"329","Abargelie","ndwi6",11,-0.0911504714475573,0.00659890332608085,17,-0.079519971475249,-0.0863779407614691,-0.0894676140113573,-0.0949404062505352,-0.10360458584152
"330","Abargelie","ndwi6",12,-0.0911400034755873,0.00571257161745144,17,-0.0823258287685492,-0.0864711065934044,-0.0898362649254276,-0.094388994287467,-0.10147834718941
"331","Abargelie","ndwi6",13,-0.0913926080938074,0.00465265178927805,17,-0.0853197887237536,-0.0871296172919174,-0.0914495823296569,-0.0934516377620205,-0.1005534621638
"332","Abargelie","ndwi6",14,-0.0906584351268901,0.00455477725976163,17,-0.0855501068940983,-0.0874555320505717,-0.090093762915737,-0.0921175857558546,-0.100516892639644
"333","Abargelie","ndwi6",15,-0.089481379293739,0.00512672991810591,17,-0.0817796803289093,-0.0850705707093543,-0.0896360842560507,-0.0938375281744624,-0.101328426705191
"334","Abargelie","ndwi6",16,-0.0886578068318699,0.00543689407097266,17,-0.079316498656972,-0.086593545009505,-0.088110174791028,-0.0915556062931793,-0.0997768145619656
"335","Abargelie","ndwi6",17,-0.0873733494793051,0.00507541705440096,17,-0.0771276672774553,-0.0840228888716558,-0.0867334081558762,-0.090339386754037,-0.0957350468334941
"336","Abargelie","ndwi6",18,-0.0858345031961929,0.0064652803937044,17,-0.073491112660433,-0.0799314154016508,-0.0867188320939151,-0.0885761316726252,-0.0985687835195161
"337","Abargelie","ndwi6",19,-0.0850909281030315,0.00811571643267126,17,-0.0635170593857016,-0.0797660288076517,-0.0875693674221094,-0.089213147580589,-0.0967277643092981
"338","Abargelie","ndwi6",20,-0.0834681254767369,0.011101572621851,17,-0.0527524303947852,-0.0818895813527378,-0.0857479124224741,-0.088844724434958,-0.0982504925251756
"339","Abargelie","ndwi6",21,-0.0819585378419141,0.012225759623126,17,-0.0446264941065316,-0.0785128087026731,-0.0830234020629807,-0.0885058044631432,-0.0974777266763616
"340","Abargelie","ndwi6",22,-0.0810686295738509,0.0116534554665129,17,-0.0446362683148029,-0.0769402315399871,-0.0817225580460292,-0.0870332056717894,-0.096297979471427
"341","Abargelie","ndwi6",23,-0.0810975737307167,0.010267195560668,17,-0.0496944539174229,-0.0783855395069353,-0.0821794313486447,-0.0859249464665874,-0.0944520796842371
"342","Abargelie","ndwi6",24,-0.084237695661828,0.0121158108803692,17,-0.0539609288873414,-0.0791313756351756,-0.0850767885433752,-0.0897190719051953,-0.111489631536597
"343","Abargelie","ndwi6",25,-0.0831551612689728,0.0090192311929031,17,-0.0653753305761309,-0.0754638797184476,-0.0848655562228632,-0.0910830548980518,-0.0951389223223995
"344","Abargelie","ndwi6",26,-0.0802214011446487,0.00891936153785839,17,-0.0683060075474177,-0.0736986997282813,-0.0790658392378229,-0.0889686530111162,-0.0931060314232363
"345","Abargelie","ndwi6",27,-0.0704720315365454,0.0170334409974001,17,-0.0341316370044437,-0.0627027503220328,-0.0723450828509192,-0.0846283047029766,-0.0953393245355576
"346","Abargelie","ndwi6",28,-0.0592133316115969,0.0293646501587967,17,-0.00408990489936386,-0.0431234696516427,-0.0625432854978864,-0.078610547285087,-0.109455660237685
"347","Abargelie","ndwi6",29,-0.0496797624111895,0.0335862431450617,17,0.0340705499198223,-0.0333759265952597,-0.0577344485636653,-0.0737924785583105,-0.0920713421660979
"348","Abargelie","ndwi6",30,-0.0240193385367522,0.0414658314156113,17,0.0592921813735771,-0.00389203853521097,-0.0355600586031737,-0.0422153837688988,-0.0878916940152931
"349","Abargelie","ndwi6",31,-0.0124529116835017,0.0501267680554198,17,0.0902046303543378,0.00531615485832286,-0.0126801898853565,-0.0351798363392605,-0.0934908611901508
"350","Abargelie","ndwi6",32,0.0163444008320608,0.0482269584750547,17,0.111317951677767,0.0484055874300369,0.0154517837326341,-0.013198441285465,-0.0594144209686969
"351","Abargelie","ndwi6",33,0.0382004422485269,0.0385260776742761,17,0.118809572418075,0.0680704196624442,0.0306877515778407,0.00575599601377802,-0.0149115604765945
"352","Abargelie","ndwi6",34,0.0576494861925834,0.0308095692849398,17,0.113450902575269,0.0782195973950776,0.0496728242155178,0.0404517821554186,0.00976084951659935
"353","Abargelie","ndwi6",35,0.0734722510633693,0.029380215778965,17,0.12489561780333,0.0947174534707645,0.0698509694777018,0.0569784575605787,0.0339507900362508
"354","Abargelie","ndwi6",36,0.0837271920875717,0.0317455901722389,17,0.140517074273433,0.110222957163349,0.0795167646435865,0.0546597306310773,0.036951565410032
"355","Abargelie","ndwi6",37,0.0812817893160871,0.0244093467954611,17,0.114617380868363,0.10192901331282,0.086462631066288,0.0665710789131359,0.0356147827778305
"356","Abargelie","ndwi6",38,0.0616848454725186,0.0218264320645761,17,0.0887236389112332,0.0811955385220696,0.0600611423483419,0.0468978115017679,0.0183989420872555
"357","Abargelie","ndwi6",39,0.031466950106523,0.0216689269523149,17,0.0662472820829069,0.0503717556329701,0.0313019047056714,0.0185307016002448,-0.00484301900485662
"358","Abargelie","ndwi6",40,0.00748085075939934,0.0159023527404653,17,0.0306312229762296,0.0174567974098073,0.0077653245178299,-0.00369547420519476,-0.0184416016848205
"359","Abargelie","ndwi6",41,-0.00976300751524003,0.0144029039223625,17,0.01009657645705,0.00393861039553282,-0.0106651697002926,-0.0178036160101102,-0.0374112091906133
"360","Abargelie","ndwi6",42,-0.0234971168486521,0.012472777474573,17,-0.00151822838845035,-0.0154149124972394,-0.0227991971773602,-0.0323971965047299,-0.0458561039587991
"361","Abargelie","ndwi6",43,-0.0341477846184571,0.0113241051985427,17,-0.013252656276856,-0.0272915395577434,-0.0331523987460566,-0.0424674261518386,-0.0520344813896281
"362","Abargelie","ndwi6",44,-0.0420995300468494,0.00982767504744791,17,-0.0261493899605428,-0.0359616793752822,-0.0426309369704151,-0.0491892257235849,-0.0598787407264115
"363","Abargelie","ndwi6",45,-0.0486235059847257,0.00996474950646253,17,-0.0306989581489513,-0.0420848801087763,-0.0488693354801419,-0.0553917576248749,-0.0646356310605817
"364","Abargelie","ndwi6",46,-0.0536849766214817,0.0100605584795536,17,-0.0345122592011009,-0.0493108048942973,-0.0523734783188191,-0.0588175616675305,-0.069352179692928
"365","Abargelie","ndwi6",47,-0.0577758167344632,0.00955097538705783,17,-0.0399851998511049,-0.0537233324515266,-0.0562553787078715,-0.0631460006856717,-0.0725486972842821
"366","Abargelie","ndwi6",48,-0.0617445976796858,0.00930474463498625,17,-0.0435729147529752,-0.0574888452059537,-0.0632822306742259,-0.0674682794606675,-0.0755588148026709
"367","Abargelie","ndwi6",49,-0.0647809929922274,0.0089609661268251,17,-0.0458001195621898,-0.0606835087995005,-0.0690497812156756,-0.070765784595897,-0.078085068825931
"368","Abargelie","ndwi6",50,-0.0674979567634675,0.00797530497112077,17,-0.0510706789892032,-0.064270714134799,-0.0679780093335501,-0.0729225566732043,-0.0807443436714025
"369","Abargelie","ndwi6",51,-0.0709298945053099,0.00793778006301741,17,-0.0565369627367083,-0.0666907592354382,-0.0720990922881994,-0.0737651181624177,-0.0864432904579484
"370","Abargelie","ndwi6",52,-0.0745182386206927,0.00870519198419271,17,-0.0582596068788299,-0.0699282520969611,-0.0740273384337917,-0.0774558043989022,-0.0958607192939466
"371","Abargelie","ndwi6",53,-0.081875997603841,0.00540527858209905,3,-0.075848882294699,-0.0796669995554734,-0.0834851168162478,-0.084889555258412,-0.0862939937005762
"372","Abargelie","savi",1,0.140914609534022,0.00888071956411103,18,0.160556958840804,0.144912438237774,0.138209252004261,0.135391565060415,0.124842740812862
"373","Abargelie","savi",2,0.139087582555668,0.00882927694072792,17,0.159128909290113,0.143626182611064,0.135387090915114,0.133469570242268,0.124292616961784
"374","Abargelie","savi",3,0.137367741868894,0.0085265977378754,17,0.156156244892192,0.14219435507594,0.133351544170007,0.13260547882158,0.122784208859216
"375","Abargelie","savi",4,0.135568255491213,0.00843000115385087,17,0.153406475359845,0.141269227652691,0.132162826399538,0.130471677383066,0.121256234345444
"376","Abargelie","savi",5,0.133816787180923,0.00818824907190457,17,0.151038171836735,0.139618235499234,0.13088877669844,0.129686402122235,0.12008372510577
"377","Abargelie","savi",6,0.132839188626426,0.0079033630563915,17,0.150071902679056,0.137554738090529,0.129299092803086,0.129008051613273,0.118982867590521
"378","Abargelie","savi",7,0.131855447993075,0.00773453161974207,17,0.149135094826258,0.136237371296866,0.128978082744365,0.127453150383606,0.118426086724142
"379","Abargelie","savi",8,0.130782807944472,0.00758462780637864,17,0.147890220308633,0.135544109703099,0.128716915727906,0.126763319795505,0.117318421362322
"380","Abargelie","savi",9,0.130409539161368,0.00744902635391816,17,0.147835494336653,0.13464218936084,0.127846648355981,0.126518827791272,0.116253440457312
"381","Abargelie","savi",10,0.130361891652114,0.00704521517291339,17,0.146717041088449,0.134752888137328,0.128153504218566,0.126085445162348,0.115884125475366
"382","Abargelie","savi",11,0.130172939103929,0.0065345354548683,17,0.145646402106523,0.133866711784186,0.129649631069387,0.126757205784378,0.115411769787304
"383","Abargelie","savi",12,0.130365405285542,0.00750379128364759,17,0.148997234076563,0.134402870617854,0.129435046181098,0.12661986428826,0.114396111861145
"384","Abargelie","savi",13,0.130749759929981,0.00718477963954475,17,0.147932640789969,0.135656608392285,0.128345251446366,0.126964152288015,0.114722858768893
"385","Abargelie","savi",14,0.131843109813229,0.00720718358577556,17,0.15201230271499,0.134815739879868,0.129203182987738,0.127773431945057,0.119901073284559
"386","Abargelie","savi",15,0.132226584216589,0.00857614106408439,17,0.155942882120627,0.13704035165885,0.129922274679266,0.127497167149384,0.118228342252333
"387","Abargelie","savi",16,0.13256719711154,0.00913066452385008,17,0.155937852250234,0.136927569187599,0.130142216961227,0.127115365403893,0.118949474133485
"388","Abargelie","savi",17,0.132649123681953,0.0088678924971565,17,0.153390798536742,0.138976606324343,0.129912106400027,0.126539008787203,0.122709309656925
"389","Abargelie","savi",18,0.133683706521301,0.00904981877170277,17,0.14986715395604,0.138130153373013,0.132090904841013,0.126678687299705,0.123481133520208
"390","Abargelie","savi",19,0.132572211035455,0.00877042033718629,17,0.147446461893495,0.140204445690609,0.130162098735067,0.125407937239727,0.122491857571641
"391","Abargelie","savi",20,0.132387456661391,0.0100582231553674,17,0.158992587564843,0.135976916207178,0.129488443137469,0.126389757721929,0.12100289971293
"392","Abargelie","savi",21,0.131204540315162,0.0120912119503899,17,0.169182594653888,0.134936777185349,0.130044744476461,0.123870041254774,0.117916052031687
"393","Abargelie","savi",22,0.127363449029931,0.0124001573721871,17,0.161188293401724,0.133356170010262,0.128733839425586,0.116345101108866,0.111891654478724
"394","Abargelie","savi",23,0.123910622795043,0.0118420675100364,17,0.160391168546541,0.128169215877162,0.123523721382267,0.116990715576973,0.10764006881487
"395","Abargelie","savi",24,0.119140159464106,0.0131692744848162,17,0.157228258169228,0.121983178920513,0.120469284866168,0.111701472401942,0.0943777883559783
"396","Abargelie","savi",25,0.120578904780483,0.00927242640718126,17,0.141528836535201,0.12427872192092,0.118372510834897,0.113494346158379,0.10947315826605
"397","Abargelie","savi",26,0.123079617739432,0.00879122205378545,17,0.138670526685219,0.128694101272421,0.124040009117507,0.118855325120065,0.104615688457092
"398","Abargelie","savi",27,0.132063842189522,0.0185895363335272,17,0.176662525662078,0.138343816072094,0.132511858184253,0.124431430811511,0.0898272932826333
"399","Abargelie","savi",28,0.147390214807484,0.0288624190425044,17,0.204439965931202,0.159366312836155,0.140795840875452,0.13272236616323,0.0885201680606274
"400","Abargelie","savi",29,0.157640219354367,0.0258490095615011,17,0.208147762685528,0.173464178401346,0.149264033188349,0.144979586848565,0.121026447587103
"401","Abargelie","savi",30,0.182379752044349,0.0364949800145946,17,0.257853029299146,0.194812675561828,0.180453583132696,0.160191355405399,0.120044703842508
"402","Abargelie","savi",31,0.188316656803213,0.0428499322504678,17,0.266424411388988,0.206499614764625,0.190178856791023,0.169727708948823,0.110257402284293
"403","Abargelie","savi",32,0.215104523768724,0.0544079241785425,17,0.296388230276447,0.260890177378491,0.214930031693739,0.182057342546364,0.0954477301166622
"404","Abargelie","savi",33,0.24774016342253,0.0373027996026167,17,0.296408787858736,0.274189571942918,0.252925074172051,0.221052687858039,0.18121763551202
"405","Abargelie","savi",34,0.265250696237058,0.0243595823700661,17,0.307904480266253,0.284416293267502,0.262562142507498,0.252890503875488,0.218992902294015
"406","Abargelie","savi",35,0.279078371199386,0.0225152727851643,17,0.318723019438101,0.296530387944877,0.280385186190338,0.258633169318141,0.245230477209807
"407","Abargelie","savi",36,0.287715460619006,0.0245229294178637,17,0.328214942971498,0.308688186231708,0.293979924374128,0.264952904175695,0.249419427664252
"408","Abargelie","savi",37,0.286433684521521,0.0208215587792818,17,0.314907684802298,0.305447183364356,0.287357324833923,0.27360993604394,0.246225560828659
"409","Abargelie","savi",38,0.270229865533242,0.0198860309500651,17,0.29610382331572,0.287904774969516,0.267350152470466,0.257182363564996,0.233037123296829
"410","Abargelie","savi",39,0.242971161505825,0.020618159933245,17,0.279600938358893,0.25800489424665,0.243029503392265,0.229438367455628,0.211672228714443
"411","Abargelie","savi",40,0.221392473901162,0.017013379354181,17,0.258770796983172,0.230719171758811,0.219208212218663,0.208532418683635,0.194113871081057
"412","Abargelie","savi",41,0.205641444936327,0.0156638039001636,17,0.236108778729831,0.215878456678858,0.202881104732188,0.196674255293093,0.178811844895387
"413","Abargelie","savi",42,0.191948686547936,0.0136329792569135,17,0.217639248272853,0.197920803479086,0.187755206637668,0.184919011805928,0.170143516703236
"414","Abargelie","savi",43,0.181576468886973,0.0130942216128823,17,0.20640576867965,0.187595679196873,0.177856982402663,0.174760157892832,0.156573653241262
"415","Abargelie","savi",44,0.174234713236017,0.012329899794992,17,0.196567866763084,0.179549850315087,0.171138809545029,0.167708400180284,0.150212230998489
"416","Abargelie","savi",45,0.168125462855704,0.0120064985158958,17,0.190439948986089,0.173366495360811,0.165206291430023,0.161498087155711,0.145331345211012
"417","Abargelie","savi",46,0.162806435091867,0.0113427517696765,17,0.184266537456663,0.168133654869479,0.161137843637094,0.15596087722126,0.141783276616704
"418","Abargelie","savi",47,0.158321532807004,0.0108218434970455,17,0.17788938517675,0.164511835886541,0.157450130661121,0.15114657375576,0.138232185632844
"419","Abargelie","savi",48,0.1541411654918,0.0103168760568621,17,0.172832875025565,0.159955940079132,0.153781218720442,0.147018485773337,0.134705318812441
"420","Abargelie","savi",49,0.150514081530639,0.00971324734812143,17,0.168740787041469,0.154990575321598,0.149578232755474,0.144403368820968,0.131821771083089
"421","Abargelie","savi",50,0.147272738585753,0.00920172005974407,17,0.163792499031526,0.149529515324696,0.145456689003298,0.14117988245841,0.129376261407832
"422","Abargelie","savi",51,0.144636388829911,0.00867817124824384,17,0.160618958033954,0.145371047405921,0.142763948250243,0.139187213054135,0.127945817848001
"423","Abargelie","savi",52,0.142145237543842,0.00806088871791504,17,0.157926956967722,0.142919397495333,0.140115893298753,0.138000455408209,0.126275741683097
"424","Abargelie","savi",53,0.132898636042806,0.00692252255332413,3,0.13717454772319,0.136892026424297,0.136609505125405,0.130760680202615,0.124911855279824
"425","Abargelie","totprec",1,0.735141554600346,1.11476579824945,18,3.70405969969004,0.988417119689894,0.179619440420913,0.0581725949281445,0.00250071887548006
"426","Abargelie","totprec",2,1.85759732372501,3.03918708400797,17,11.9120533412036,2.03026494697507,0.809783729554492,0.127629557028716,0.0181633428601166
"427","Abargelie","totprec",3,2.84023101965453,4.1460268478471,17,15.4700626646875,2.9105536048101,1.22023235392863,0.150744296662993,0.0443136418560945
"428","Abargelie","totprec",4,0.82800546842513,0.876588852720056,17,2.52342699741077,1.02637441376724,0.673712995589679,0.122040371891003,0.0386645257896913
"429","Abargelie","totprec",5,0.7349801834223,1.03969075645273,17,4.33838964628581,0.993984309313447,0.459474780714551,0.0900363562744992,0.00192195111083838
"430","Abargelie","totprec",6,0.454716158256849,0.517722800458465,17,1.57465267935381,0.716882051176745,0.158909619475372,0.0664769219837056,0.00999164889938306
"431","Abargelie","totprec",7,3.47286567849825,7.69313068040076,17,31.4713863207028,2.21286308940948,0.530896228383513,0.0668116951234181,0.0127559577376375
"432","Abargelie","totprec",8,3.00701413486941,5.1082816135955,17,19.7561074843726,3.27513892448796,0.48029845445683,0.17192088686045,0.0157467852620883
"433","Abargelie","totprec",9,2.77214051666035,4.95478957467799,17,18.1208162570566,2.15996123788616,0.680608970852001,0.0247625450557919,0
"434","Abargelie","totprec",10,8.91481398532227,12.7764701404452,17,37.8161317060773,12.9729633353498,2.30960206752686,0.173925439269076,0
"435","Abargelie","totprec",11,5.1171940180978,6.4460780676963,17,20.6737482439443,5.80212340272234,2.78345549354765,0.246180520593457,0
"436","Abargelie","totprec",12,10.2734904076057,11.7144020544738,17,34.9684561572218,17.3929976017631,3.82600013857376,1.0276678024358,0.0588829991797458
"437","Abargelie","totprec",13,6.63905694250736,6.42903991547541,17,18.0797522197214,11.2408456036148,5.32375634737292,0.277600119377777,0.00295880248508049
"438","Abargelie","totprec",14,9.66951131485748,10.6466368456286,17,27.5752075162764,22.0569430722897,3.79432273489583,0.898412142779075,0.0740834952306584
"439","Abargelie","totprec",15,9.28361234105439,9.97445510669666,17,28.8546049385684,13.8560123098256,4.77274981331613,2.23886513801213,0.24919612029152
"440","Abargelie","totprec",16,9.92892210180381,9.77103078829246,17,35.1485909233098,17.3117684019559,7.89281376003339,1.80045063457648,0.0039166232035768
"441","Abargelie","totprec",17,9.7372304454015,11.5442972146277,17,43.205821003748,14.0517605868567,4.43383144063902,2.11996382290532,0.0110870148063853
"442","Abargelie","totprec",18,14.3344994856869,14.0706068247465,17,48.4260352402729,25.6509583910414,7.10840017768025,2.24259708795349,0.501660165327836
"443","Abargelie","totprec",19,8.58121593358264,9.59718988411664,17,29.1314939187456,15.8771920611154,4.73398977783587,0.95375270830869,0.0662395992238697
"444","Abargelie","totprec",20,9.25240578628456,11.7190441841453,17,36.8662166602533,8.44469648872289,3.89638369886783,0.834451108325579,0.10173447716471
"445","Abargelie","totprec",21,4.36554577897557,6.19123887094636,17,22.6730182938997,5.43271913337479,1.26275860933829,0.919681015913389,0.0552347394889712
"446","Abargelie","totprec",22,4.98706727058938,7.02109900696696,17,22.9431874415426,3.9215121709969,1.51511906863726,0.359103079685119,0.126300897376123
"447","Abargelie","totprec",23,5.31318388192071,7.42733724531817,17,31.4243827827271,6.43387235780488,2.85592148476954,1.66566522360038,0.255422480225758
"448","Abargelie","totprec",24,9.56158449525742,8.88402717258968,17,33.0939770874515,14.1627786175544,6.8377760058556,2.88860881858737,0.475565098969192
"449","Abargelie","totprec",25,15.4687974358146,7.45351811301594,17,31.8074889239852,19.343009211056,14.0077973766534,11.6172802372213,1.43313531433761
"450","Abargelie","totprec",26,22.5773011794106,11.6514239341099,17,46.1297435850447,31.0002523887243,21.0101163831351,15.7876684166001,1.87912325595224
"451","Abargelie","totprec",27,32.6885719411328,20.1554155640505,17,75.4481868384435,41.3217786440598,30.7047739623379,20.2821423154676,5.25943548854312
"452","Abargelie","totprec",28,37.9370079986682,28.3752375361148,17,102.23175078555,42.7593697815767,28.2229089478806,19.9752247185163,10.635139191742
"453","Abargelie","totprec",29,50.1486676441093,27.6907495391823,17,120.604119690351,61.043988848529,48.8036040369839,29.7561588411963,10.4577451337497
"454","Abargelie","totprec",30,53.1231271167659,26.5904219264146,17,108.609795685672,63.8078353495601,53.470679219642,36.6331427140278,14.1974067544603
"455","Abargelie","totprec",31,59.1222291871363,28.3541725840136,17,149.887767640977,63.4316586616817,52.1534424444489,45.1025441679424,24.8543596383097
"456","Abargelie","totprec",32,67.2513259716447,28.7635351108953,17,129.984910869771,81.5725410498158,62.5144344293653,50.4486135671776,17.150353740086
"457","Abargelie","totprec",33,49.6388602550822,23.6619308463989,17,101.927607026563,61.7353874062811,51.8663709803092,26.8725214750018,15.7016858900339
"458","Abargelie","totprec",34,55.5589456309665,32.6101059933326,17,111.39218180588,73.3402443269016,48.1752628420954,28.5455521748759,22.0612046209784
"459","Abargelie","totprec",35,39.9733909108092,21.32761727588,17,89.4354156844371,47.4200145932933,41.4988487191076,25.4131277454337,8.05745049588777
"460","Abargelie","totprec",36,31.0206256480207,18.4908689815119,17,84.1842730542658,38.1371214864045,29.6270416588345,16.1701737829535,10.1365165738837
"461","Abargelie","totprec",37,11.7105881918154,7.14012001786624,17,26.2055525980892,15.4605915425295,11.3900207981649,5.27447713293659,1.58955074354459
"462","Abargelie","totprec",38,5.38994187551846,6.40394615305054,17,28.0450020806187,5.59094405145974,4.20462941576128,1.89867994246773,0.600678127294098
"463","Abargelie","totprec",39,3.53620966918471,4.03662939930244,17,16.4847059847698,4.15469333760496,2.45288089994524,0.900840344784146,0.0718698626776507
"464","Abargelie","totprec",40,2.68845078516538,2.97492388177629,17,12.0966004043245,3.48807043386673,1.5416570041528,0.49345233962386,0.0896944655723259
"465","Abargelie","totprec",41,4.38374572381962,7.10749134896159,17,28.2353197151826,3.88090233402651,1.49586744823602,0.706619925997946,0.0210513561294416
"466","Abargelie","totprec",42,4.58285796505381,7.85336330405478,17,29.2784882777202,3.4819899922809,1.66726945207281,0.159083806200414,0.0662333237899767
"467","Abargelie","totprec",43,3.09020100728879,7.54519171064053,17,32.1184366837431,2.38323332943452,1.13019420841217,0.188848220203287,0.0204935508302944
"468","Abargelie","totprec",44,6.925362643679,14.4157176454642,17,56.4771190826551,3.57021778634727,1.69949309710259,0.231514864356308,0.0546837642381977
"469","Abargelie","totprec",45,2.80711584758194,4.25616875161944,17,16.185116268503,4.31761134359518,0.498487366440808,0.217898675269814,0.0212148730086472
"470","Abargelie","totprec",46,2.80887417607506,4.16622594633921,17,14.2458211641144,2.7453217586387,1.31446381625501,0.26103901765792,0.000422411010515774
"471","Abargelie","totprec",47,1.30343207958246,2.26651906192245,17,9.7618002892676,1.44741524063302,0.561793126281385,0.227010698759425,0.128711949146532
"472","Abargelie","totprec",48,2.39037454270952,4.47083724841168,17,16.1998206299596,1.63763579901706,0.613533287490999,0.151193739381733,0.0268393597087237
"473","Abargelie","totprec",49,2.29966828828207,3.17536544666158,17,11.8263704500668,3.3557027078374,0.59274405759505,0.283703002140193,0.00349577089900354
"474","Abargelie","totprec",50,2.89624295240969,6.42488091993265,17,26.5337749108429,1.45383121960789,0.434250906040971,0.143548568947076,0.010597289468787
"475","Abargelie","totprec",51,1.05470224782619,1.27926241515445,17,4.32111533691649,1.89678857667847,0.30051081819407,0.194605905793566,0.00146844032300069
"476","Abargelie","totprec",52,1.95314722687989,4.78901536814219,17,19.7658130094665,0.68865888702948,0.322040648886618,0.0885727201513832,0
"477","Abargelie","totprec",53,3.11788723846903,2.82672062250923,3,6.22449870955861,4.32815092065048,2.43180313174235,1.56458150292424,0.697359874106136
