,time_period,rainfall,mean_temperature,disease_cases,population,location
0,2001-01,0.0,25.8260793685913,267.0,426640.0,11001
1,2001-02,0.0,26.34370613098145,67.0,426640.0,11001
2,2001-03,0.0,26.01889610290525,60.0,426640.0,11001
3,2001-04,0.0,26.77039909362795,35.0,426640.0,11001
4,2001-05,0.0,25.3299970626831,62.0,426640.0,11001
5,2001-06,0.0,24.29756355285645,35.0,426640.0,11001
6,2001-07,0.0,25.8048849105835,11.0,426640.0,11001
7,2001-08,0.0,26.7190752029419,8.0,426640.0,11001
8,2001-09,0.0,27.1440887451172,1.0,426640.0,11001
9,2001-10,0.0,28.009186744689952,3.0,426640.0,11001
10,2001-11,0.0,26.874888420105,11.0,426640.0,11001
11,2001-12,0.0,26.1135406494141,7.0,426640.0,11001
12,2002-01,0.0,26.6732454299927,53.0,437202.0,11001
13,2002-02,0.0,26.34788608551025,120.0,437202.0,11001
14,2002-03,0.0,26.4308376312256,104.0,437202.0,11001
15,2002-04,0.0,26.89532661437985,29.0,437202.0,11001
16,2002-05,0.0,26.38393592834469,15.0,437202.0,11001
17,2002-06,0.0,24.88707160949705,5.0,437202.0,11001
18,2002-07,0.0,25.6720142364502,13.0,437202.0,11001
19,2002-08,0.0,26.5762567520142,3.0,437202.0,11001
20,2002-09,0.0,27.13119792938235,7.0,437202.0,11001
21,2002-10,0.0,28.073963165283203,36.0,437202.0,11001
22,2002-11,0.0,26.83206272125245,134.0,437202.0,11001
23,2002-12,0.0,26.470757484436,63.0,437202.0,11001
24,2003-01,0.0,26.8823652267456,272.0,448419.0,11001
25,2003-02,0.0,26.45219802856445,156.0,448419.0,11001
26,2003-03,0.0,26.1708583831787,90.0,448419.0,11001
27,2003-04,0.0,26.5859079360962,31.0,448419.0,11001
28,2003-05,0.0,26.38455772399905,26.0,448419.0,11001
29,2003-06,0.0,26.08985042572025,11.0,448419.0,11001
30,2003-07,0.0,25.3056001663208,17.0,448419.0,11001
31,2003-08,0.0,24.209072113037102,32.0,448419.0,11001
32,2003-09,0.0,25.787784576416,20.0,448419.0,11001
33,2003-10,0.0,27.124654769897447,41.0,448419.0,11001
34,2003-11,0.0,26.56244468688965,185.0,448419.0,11001
35,2003-12,0.0,26.625653266906752,208.0,448419.0,11001
36,2004-01,0.0,26.634751319885247,234.0,497775.0,11001
37,2004-02,0.0,26.3355054855347,116.0,497775.0,11001
38,2004-03,0.0,26.5389623641968,48.0,497775.0,11001
39,2004-04,0.0,27.2477674484253,40.0,497775.0,11001
40,2004-05,0.0,25.80474185943605,20.0,497775.0,11001
41,2004-06,0.0,25.4107799530029,18.0,497775.0,11001
42,2004-07,0.0,25.4320135116577,2.0,497775.0,11001
43,2004-08,0.0,26.48267364501956,2.0,497775.0,11001
44,2004-09,0.0,27.14386940002445,1.0,497775.0,11001
45,2004-10,0.0,28.39349555969235,0.0,497775.0,11001
46,2004-11,0.0,27.5849781036377,13.0,497775.0,11001
47,2004-12,0.0,26.74855041503905,54.0,497775.0,11001
48,2005-01,0.0,27.1381492614746,66.0,485002.0,11001
49,2005-02,0.0,26.84499263763425,90.0,485002.0,11001
50,2005-03,0.0,26.7216749191284,63.0,485002.0,11001
51,2005-04,0.0,26.7963209152222,37.0,485002.0,11001
52,2005-05,0.0,26.6411714553833,13.0,485002.0,11001
53,2005-06,0.0,25.9349126815796,19.0,485002.0,11001
54,2005-07,0.0,25.3052234649658,3.0,485002.0,11001
55,2005-08,0.0,26.68468952178955,13.0,485002.0,11001
56,2005-09,0.0,26.3502616882324,1.0,485002.0,11001
57,2005-10,0.0,27.52707290649415,7.0,485002.0,11001
58,2005-11,0.0,27.20565605163575,42.0,485002.0,11001
59,2005-12,0.0,26.293587684631348,182.0,485002.0,11001
60,2006-01,0.0,26.7972974777222,246.0,497936.0,11001
61,2006-02,0.0,26.50238704681395,171.0,497936.0,11001
62,2006-03,0.0,26.53162956237795,47.0,497936.0,11001
63,2006-04,0.0,26.3519697189331,16.0,497936.0,11001
64,2006-05,0.0,26.159110069274902,10.0,497936.0,11001
65,2006-06,0.0,25.74677085876465,1.0,497936.0,11001
66,2006-07,0.0,26.16013050079345,2.0,497936.0,11001
67,2006-08,0.0,25.793119430542,4.0,497936.0,11001
68,2006-09,0.0,26.7991132736206,2.0,497936.0,11001
69,2006-10,0.0,27.93081188201905,2.0,497936.0,11001
70,2006-11,0.0,26.60304260253909,5.0,497936.0,11001
71,2006-12,0.0,26.3783369064331,56.0,497936.0,11001
72,2007-01,0.0,26.7297229766846,26.0,474532.0,11001
73,2007-02,0.0,26.65550708770749,32.0,474532.0,11001
74,2007-03,0.0,26.14955520629885,3.0,474532.0,11001
75,2007-04,0.0,27.056241035461447,2.0,474532.0,11001
76,2007-05,0.0,24.7511987686157,6.0,474532.0,11001
77,2007-06,0.0,25.71506690979005,12.0,474532.0,11001
78,2007-07,0.0,25.6555910110474,6.0,474532.0,11001
79,2007-08,0.0,25.265521049499498,4.0,474532.0,11001
80,2007-09,0.0,27.3998613357544,3.0,474532.0,11001
81,2007-10,0.0,27.48252487182615,27.0,474532.0,11001
82,2007-11,0.0,26.92358589172365,47.0,474532.0,11001
83,2007-12,0.0,26.05265426635745,299.0,474532.0,11001
84,2008-01,0.0,25.91240215301515,462.0,486884.0,11001
85,2008-02,0.0,25.92032718658445,289.0,486884.0,11001
86,2008-03,0.0,25.9495449066162,150.0,486884.0,11001
87,2008-04,0.0,26.3310604095459,93.0,486884.0,11001
88,2008-05,0.0,25.08144187927245,42.0,486884.0,11001
89,2008-06,0.0,24.252459526062,6.0,486884.0,11001
90,2008-07,0.0,26.1318321228027,8.0,486884.0,11001
91,2008-08,0.0,27.0116205215454,2.0,486884.0,11001
92,2008-09,0.0,26.4979372024536,3.0,486884.0,11001
93,2008-10,0.0,27.894548416137702,3.0,486884.0,11001
94,2008-11,0.0,27.0348711013794,14.0,486884.0,11001
95,2008-12,0.0,26.13975620269775,101.0,486884.0,11001
96,2009-01,0.0,26.0581121444702,56.0,493445.0,11001
97,2009-02,0.0,26.0711097717285,57.0,493445.0,11001
98,2009-03,0.0,26.2844181060791,110.0,493445.0,11001
99,2009-04,0.0,26.757726669311552,25.0,493445.0,11001
100,2009-05,0.0,26.1466817855835,41.0,493445.0,11001
101,2009-06,0.0,24.7589855194092,33.0,493445.0,11001
102,2009-07,0.0,25.8685245513916,21.0,493445.0,11001
103,2009-08,0.0,26.619672775268548,15.0,493445.0,11001
104,2009-09,0.0,27.23998737335205,28.0,493445.0,11001
105,2009-10,0.0,28.0301456451416,80.0,493445.0,11001
106,2009-11,0.0,27.5288209915161,644.0,493445.0,11001
107,2009-12,0.0,26.0944023132324,1508.0,493445.0,11001
108,2010-01,0.0,26.466527938842752,4247.0,538380.0,11001
109,2010-02,0.0,26.8453722000122,2197.0,538380.0,11001
110,2010-03,0.0,27.09173583984375,336.0,538380.0,11001
111,2010-04,0.0,27.07618618011475,70.0,538380.0,11001
112,2010-05,0.0,25.7393569946289,38.0,538380.0,11001
113,2010-06,0.0,26.164619445800803,41.0,538380.0,11001
114,2010-07,0.0,25.4231433868408,23.0,538380.0,11001
115,2010-08,0.0,26.0197982788086,6.0,538380.0,11001
116,2010-09,0.0,28.0716905593872,19.0,538380.0,11001
117,2010-10,0.0,27.5728311538696,38.0,538380.0,11001
118,2010-11,0.0,26.47737407684325,140.0,538380.0,11001
119,2010-12,0.0,26.46671867370605,372.0,538380.0,11001
120,2011-01,0.0,26.1070909500122,49.0,550094.0,11001
121,2011-02,0.0,25.86738681793215,78.0,550094.0,11001
122,2011-03,0.0,25.97657871246335,64.0,550094.0,11001
123,2011-04,0.0,26.80619907379155,55.0,550094.0,11001
124,2011-05,0.0,25.831281661987298,26.0,550094.0,11001
125,2011-06,0.0,26.5057907104492,12.0,550094.0,11001
126,2011-07,0.0,26.6231803894043,15.0,550094.0,11001
127,2011-08,0.0,26.1699895858765,17.0,550094.0,11001
128,2011-09,0.0,27.804515838623047,15.0,550094.0,11001
129,2011-10,0.0,27.6514301300049,13.0,550094.0,11001
130,2011-11,0.0,26.9646797180176,2.0,550094.0,11001
131,2011-12,0.0,26.589973449707,5.0,550094.0,11001
132,2012-01,0.0,26.10723781585689,27.0,559543.0,11001
133,2012-02,0.0,25.86045360565189,16.0,559543.0,11001
134,2012-03,0.0,25.9829969406128,23.0,559543.0,11001
135,2012-04,0.0,26.9492540359497,13.0,559543.0,11001
136,2012-05,0.0,26.16464996337895,6.0,559543.0,11001
137,2012-06,0.0,25.53246021270755,6.0,559543.0,11001
138,2012-07,0.0,25.90974617004395,6.0,559543.0,11001
139,2012-08,0.0,26.34695053100585,7.0,559543.0,11001
140,2012-09,0.0,28.13671588897705,10.0,559543.0,11001
141,2012-10,0.0,28.29688549041745,11.0,559543.0,11001
142,2012-11,0.0,27.2144994735718,41.0,559543.0,11001
143,2012-12,0.0,26.428072929382303,46.0,559543.0,11001
144,2013-01,0.0,26.8191375732422,395.0,613757.0,11001
145,2013-02,0.0,26.5260763168335,221.0,613757.0,11001
146,2013-03,0.0,26.457997322082548,135.0,613757.0,11001
147,2013-04,0.0,26.812081336975098,85.0,613757.0,11001
148,2013-05,0.0,26.11900329589845,72.0,613757.0,11001
149,2013-06,0.0,26.23260498046875,35.0,613757.0,11001
150,2013-07,0.0,25.767088890075648,17.0,613757.0,11001
151,2013-08,0.0,25.15849494934085,14.0,613757.0,11001
152,2013-09,0.0,27.1403408050537,9.0,613757.0,11001
153,2013-10,0.0,27.293770790100098,6.0,613757.0,11001
154,2013-11,0.0,26.463679313659647,28.0,613757.0,11001
155,2013-12,0.0,26.813085556030305,26.0,613757.0,11001
156,2014-01,0.0,26.08067417144775,30.0,625834.0,11001
157,2014-02,0.0,25.98592853546145,17.0,625834.0,11001
158,2014-03,0.0,26.21417999267575,74.0,625834.0,11001
159,2014-04,0.0,27.28327560424805,47.0,625834.0,11001
160,2014-05,0.0,26.25653457641605,52.0,625834.0,11001
161,2014-06,0.0,26.5265760421753,48.0,625834.0,11001
162,2014-07,0.0,25.81829261779785,21.0,625834.0,11001
163,2014-08,0.0,26.92916393280025,19.0,625834.0,11001
164,2014-09,0.0,28.65103721618655,26.0,625834.0,11001
165,2014-10,0.0,28.302835464477504,72.0,625834.0,11001
166,2014-11,0.0,27.5648183822632,238.0,625834.0,11001
167,2014-12,0.0,27.079655647277853,59.0,625834.0,11001
168,2015-01,0.0,26.71630382537845,40.0,637530.0,11001
169,2015-02,0.0,26.74387073516845,77.0,637530.0,11001
170,2015-03,0.0,26.62949562072755,52.0,637530.0,11001
171,2015-04,0.0,27.1352109909058,50.0,637530.0,11001
172,2015-05,0.0,26.40244293212895,37.0,637530.0,11001
173,2015-06,0.0,26.409746170043952,37.0,637530.0,11001
174,2015-07,0.0,26.55728816986085,23.0,637530.0,11001
175,2015-08,0.0,27.93756484985355,6.0,637530.0,11001
176,2015-09,0.0,29.22278308868405,4.0,637530.0,11001
177,2015-10,0.0,28.33956813812255,14.0,637530.0,11001
178,2015-11,0.0,27.6913824081421,45.0,637530.0,11001
179,2015-12,0.0,27.2957534790039,83.0,637530.0,11001
180,2016-01,0.0,27.580654144287102,188.0,648872.0,11001
181,2016-02,0.0,26.9653377532959,432.0,648872.0,11001
182,2016-03,0.0,26.7276906967163,313.0,648872.0,11001
183,2016-04,0.0,27.31826972961425,215.0,648872.0,11001
184,2016-05,0.0,25.54080677032475,105.0,648872.0,11001
185,2016-06,0.0,24.9495105743408,42.0,648872.0,11001
186,2016-07,0.0,26.57176876068115,52.0,648872.0,11001
187,2016-08,0.0,26.661563873291,8.0,648872.0,11001
188,2016-09,0.0,26.43072509765625,21.0,648872.0,11001
189,2016-10,0.0,28.213978767395,24.0,648872.0,11001
190,2016-11,0.0,26.59228897094725,56.0,648872.0,11001
191,2016-12,0.0,26.635490417480447,103.0,648872.0,11001
192,2017-01,0.0,26.39827156066895,182.0,659874.0,11001
193,2017-02,0.0,26.578759193420403,128.0,659874.0,11001
194,2017-03,0.0,26.2755575180054,69.0,659874.0,11001
195,2017-04,0.0,26.812781333923297,35.0,659874.0,11001
196,2017-05,0.0,26.29928398132325,22.0,659874.0,11001
197,2017-06,0.0,25.8137626647949,17.0,659874.0,11001
198,2017-07,0.0,26.1422853469849,14.0,659874.0,11001
199,2017-08,0.0,26.86206817626956,15.0,659874.0,11001
200,2017-09,0.0,27.49389266967775,19.0,659874.0,11001
201,2017-10,0.0,27.7108144760132,18.0,659874.0,11001
202,2017-11,0.0,26.74084663391115,36.0,659874.0,11001
203,2017-12,0.0,26.4052400588989,41.0,659874.0,11001
204,2018-01,0.0,26.0391988754272,41.0,662715.0,11001
205,2018-02,0.0,26.46951866149905,37.0,662715.0,11001
206,2018-03,0.0,26.2506475448608,34.0,662715.0,11001
207,2018-04,0.0,27.06590270996095,21.0,662715.0,11001
208,2018-05,0.0,26.16012477874755,23.0,662715.0,11001
209,2018-06,0.0,24.4096622467041,9.0,662715.0,11001
210,2018-07,0.0,26.0405731201172,10.0,662715.0,11001
211,2018-08,0.0,24.78943824768065,10.0,662715.0,11001
212,2018-09,0.0,27.51102924346925,12.0,662715.0,11001
213,2018-10,0.0,27.577470779418952,11.0,662715.0,11001
214,2018-11,0.0,26.59001159667965,11.0,662715.0,11001
215,2018-12,0.0,26.1158981323242,13.0,662715.0,11001
216,2019-01,0.0,26.30796241760255,20.0,676286.0,11001
217,2019-02,0.0,26.6873331069946,29.0,676286.0,11001
218,2019-03,0.0,26.55727005004885,29.0,676286.0,11001
219,2019-04,0.0,27.27382373809815,48.0,676286.0,11001
220,2019-05,0.0,25.94012546539305,22.0,676286.0,11001
221,2019-06,0.0,26.3480157852173,26.0,676286.0,11001
222,2019-07,0.0,26.22308444976805,26.0,676286.0,11001
223,2019-08,0.0,25.8716220855713,9.0,676286.0,11001
0,2001-01,0.0,25.83478355407715,12.0,61321.0,11002
1,2001-02,0.0,26.420636177063,20.0,61321.0,11002
2,2001-03,0.0,26.00123405456545,17.0,61321.0,11002
3,2001-04,0.0,26.51874923706055,5.0,61321.0,11002
4,2001-05,0.0,24.725076675415,2.0,61321.0,11002
5,2001-06,0.0,23.86594581604005,1.0,61321.0,11002
6,2001-07,0.0,25.35562324523925,0.0,61321.0,11002
7,2001-08,0.0,26.78476905822755,0.0,61321.0,11002
8,2001-09,0.0,27.15322971343995,0.0,61321.0,11002
9,2001-10,0.0,27.74814796447756,0.0,61321.0,11002
10,2001-11,0.0,26.73434543609615,0.0,61321.0,11002
11,2001-12,0.0,25.767002105712898,0.0,61321.0,11002
12,2002-01,0.0,26.761061668396,0.0,62749.0,11002
13,2002-02,0.0,26.27622032165525,0.0,62749.0,11002
14,2002-03,0.0,26.67049407958985,0.0,62749.0,11002
15,2002-04,0.0,26.729657173156752,0.0,62749.0,11002
16,2002-05,0.0,26.0525913238525,0.0,62749.0,11002
17,2002-06,0.0,24.382088661193848,1.0,62749.0,11002
18,2002-07,0.0,24.95713233947756,0.0,62749.0,11002
19,2002-08,0.0,26.554165840148947,0.0,62749.0,11002
20,2002-09,0.0,27.015682220459,0.0,62749.0,11002
21,2002-10,0.0,27.9705457687378,0.0,62749.0,11002
22,2002-11,0.0,26.731575965881348,0.0,62749.0,11002
23,2002-12,0.0,26.2582092285156,0.0,62749.0,11002
24,2003-01,0.0,26.373764991760247,0.0,64353.0,11002
25,2003-02,0.0,26.1938238143921,4.0,64353.0,11002
26,2003-03,0.0,26.3267250061035,0.0,64353.0,11002
27,2003-04,0.0,26.000635147094748,0.0,64353.0,11002
28,2003-05,0.0,25.70273971557615,0.0,64353.0,11002
29,2003-06,0.0,25.6520223617554,0.0,64353.0,11002
30,2003-07,0.0,24.707896232604952,0.0,64353.0,11002
31,2003-08,0.0,24.190257072448752,0.0,64353.0,11002
32,2003-09,0.0,25.96883487701415,0.0,64353.0,11002
33,2003-10,0.0,27.053976058959947,0.0,64353.0,11002
34,2003-11,0.0,26.31975650787355,1.0,64353.0,11002
35,2003-12,0.0,26.2917728424072,1.0,64353.0,11002
36,2004-01,0.0,26.5752010345459,10.0,71406.0,11002
37,2004-02,0.0,26.1694459915161,9.0,71406.0,11002
38,2004-03,0.0,26.87315464019775,20.0,71406.0,11002
39,2004-04,0.0,26.99192810058595,4.0,71406.0,11002
40,2004-05,0.0,25.2671480178833,1.0,71406.0,11002
41,2004-06,0.0,24.8503532409668,0.0,71406.0,11002
42,2004-07,0.0,24.8560914993286,0.0,71406.0,11002
43,2004-08,0.0,26.4629201889038,0.0,71406.0,11002
44,2004-09,0.0,27.17854785919189,0.0,71406.0,11002
45,2004-10,0.0,28.521947860717752,0.0,71406.0,11002
46,2004-11,0.0,27.50167655944825,0.0,71406.0,11002
47,2004-12,0.0,26.41298961639405,1.0,71406.0,11002
48,2005-01,0.0,26.787095069885247,11.0,69580.0,11002
49,2005-02,0.0,26.7125463485718,10.0,69580.0,11002
50,2005-03,0.0,26.7730703353882,11.0,69580.0,11002
51,2005-04,0.0,26.677045822143548,2.0,69580.0,11002
52,2005-05,0.0,25.94136810302735,0.0,69580.0,11002
53,2005-06,0.0,25.35192680358885,1.0,69580.0,11002
54,2005-07,0.0,24.7986421585083,1.0,69580.0,11002
55,2005-08,0.0,26.3890609741211,0.0,69580.0,11002
56,2005-09,0.0,25.934777259826653,3.0,69580.0,11002
57,2005-10,0.0,27.11190605163575,0.0,69580.0,11002
58,2005-11,0.0,27.0267276763916,2.0,69580.0,11002
59,2005-12,0.0,25.7201089859009,6.0,69580.0,11002
60,2006-01,0.0,26.7199869155884,9.0,71427.0,11002
61,2006-02,0.0,26.45547676086425,16.0,71427.0,11002
62,2006-03,0.0,26.77376556396485,7.0,71427.0,11002
63,2006-04,0.0,26.005708694458,2.0,71427.0,11002
64,2006-05,0.0,26.0870895385742,1.0,71427.0,11002
65,2006-06,0.0,25.4457244873047,0.0,71427.0,11002
66,2006-07,0.0,25.7536926269531,1.0,71427.0,11002
67,2006-08,0.0,25.5359830856323,0.0,71427.0,11002
68,2006-09,0.0,26.3066444396973,2.0,71427.0,11002
69,2006-10,0.0,27.660888671875,1.0,71427.0,11002
70,2006-11,0.0,26.5438451766968,0.0,71427.0,11002
71,2006-12,0.0,26.053869247436506,2.0,71427.0,11002
72,2007-01,0.0,26.60817432403565,1.0,68825.0,11002
73,2007-02,0.0,26.2140684127808,3.0,68825.0,11002
74,2007-03,0.0,26.40817165374755,1.0,68825.0,11002
75,2007-04,0.0,26.82888889312745,10.0,68825.0,11002
76,2007-05,0.0,23.9282283782959,11.0,68825.0,11002
77,2007-06,0.0,25.19472980499265,0.0,68825.0,11002
78,2007-07,0.0,24.98978328704835,2.0,68825.0,11002
79,2007-08,0.0,24.9197521209717,0.0,68825.0,11002
80,2007-09,0.0,27.5320987701416,0.0,68825.0,11002
81,2007-10,0.0,27.4374103546143,1.0,68825.0,11002
82,2007-11,0.0,26.8068284988403,6.0,68825.0,11002
83,2007-12,0.0,25.635914802551248,7.0,68825.0,11002
84,2008-01,0.0,25.693347930908203,60.0,70605.0,11002
85,2008-02,0.0,25.8067865371704,50.0,70605.0,11002
86,2008-03,0.0,25.8110513687134,259.0,70605.0,11002
87,2008-04,0.0,25.73419380187985,362.0,70605.0,11002
88,2008-05,0.0,24.0451850891113,89.0,70605.0,11002
89,2008-06,0.0,23.263384819030748,13.0,70605.0,11002
90,2008-07,0.0,25.68203830718995,3.0,70605.0,11002
91,2008-08,0.0,26.68183994293215,4.0,70605.0,11002
92,2008-09,0.0,26.188375473022504,1.0,70605.0,11002
93,2008-10,0.0,27.9910249710083,1.0,70605.0,11002
94,2008-11,0.0,26.9303998947144,24.0,70605.0,11002
95,2008-12,0.0,25.81509876251225,81.0,70605.0,11002
96,2009-01,0.0,25.9165458679199,167.0,71705.0,11002
97,2009-02,0.0,26.03972148895265,192.0,71705.0,11002
98,2009-03,0.0,26.29988956451415,232.0,71705.0,11002
99,2009-04,0.0,26.3862581253052,86.0,71705.0,11002
100,2009-05,0.0,25.53794288635255,53.0,71705.0,11002
101,2009-06,0.0,23.99717140197755,21.0,71705.0,11002
102,2009-07,0.0,25.0655965805054,7.0,71705.0,11002
103,2009-08,0.0,25.96818256378175,0.0,71705.0,11002
104,2009-09,0.0,26.62221145629885,1.0,71705.0,11002
105,2009-10,0.0,27.64686298370365,30.0,71705.0,11002
106,2009-11,0.0,27.274577140808105,262.0,71705.0,11002
107,2009-12,0.0,25.77427101135255,225.0,71705.0,11002
108,2010-01,0.0,26.158195495605447,719.0,71365.0,11002
109,2010-02,0.0,26.79329681396485,555.0,71365.0,11002
110,2010-03,0.0,27.35468292236325,161.0,71365.0,11002
111,2010-04,0.0,26.8644227981567,84.0,71365.0,11002
112,2010-05,0.0,24.77453327178955,41.0,71365.0,11002
113,2010-06,0.0,25.8346633911133,33.0,71365.0,11002
114,2010-07,0.0,24.8368148803711,12.0,71365.0,11002
115,2010-08,0.0,25.5730209350586,23.0,71365.0,11002
116,2010-09,0.0,27.8014554977417,7.0,71365.0,11002
117,2010-10,0.0,27.325212478637702,34.0,71365.0,11002
118,2010-11,0.0,26.2030735015869,75.0,71365.0,11002
119,2010-12,0.0,26.2267189025879,151.0,71365.0,11002
120,2011-01,0.0,26.12071418762205,151.0,72298.0,11002
121,2011-02,0.0,25.6463947296143,152.0,72298.0,11002
122,2011-03,0.0,26.07859706878665,159.0,72298.0,11002
123,2011-04,0.0,26.69308280944825,97.0,72298.0,11002
124,2011-05,0.0,25.12964916229245,59.0,72298.0,11002
125,2011-06,0.0,25.95220661163335,14.0,72298.0,11002
126,2011-07,0.0,25.6661138534546,1.0,72298.0,11002
127,2011-08,0.0,25.6869840621948,6.0,72298.0,11002
128,2011-09,0.0,27.7587251663208,7.0,72298.0,11002
129,2011-10,0.0,27.40979766845705,4.0,72298.0,11002
130,2011-11,0.0,26.925027847290053,5.0,72298.0,11002
131,2011-12,0.0,26.17680740356445,11.0,72298.0,11002
132,2012-01,0.0,26.0152540206909,24.0,73193.0,11002
133,2012-02,0.0,25.6874589920044,36.0,73193.0,11002
134,2012-03,0.0,26.0584926605225,64.0,73193.0,11002
135,2012-04,0.0,26.6141242980957,37.0,73193.0,11002
136,2012-05,0.0,25.319318771362298,29.0,73193.0,11002
137,2012-06,0.0,24.7760419845581,26.0,73193.0,11002
138,2012-07,0.0,25.143006324768105,15.0,73193.0,11002
139,2012-08,0.0,25.910999298095746,17.0,73193.0,11002
140,2012-09,0.0,28.05820846557615,28.0,73193.0,11002
141,2012-10,0.0,28.06548309326175,35.0,73193.0,11002
142,2012-11,0.0,26.821445465087898,82.0,73193.0,11002
143,2012-12,0.0,26.016393661499,98.0,73193.0,11002
144,2013-01,0.0,26.57698917388916,228.0,79879.0,11002
145,2013-02,0.0,26.44127941131595,210.0,79879.0,11002
146,2013-03,0.0,26.4828481674194,90.0,79879.0,11002
147,2013-04,0.0,26.1677465438843,13.0,79879.0,11002
148,2013-05,0.0,25.2994804382324,5.0,79879.0,11002
149,2013-06,0.0,25.39889335632325,4.0,79879.0,11002
150,2013-07,0.0,25.12768173217775,3.0,79879.0,11002
151,2013-08,0.0,24.3735933303833,1.0,79879.0,11002
152,2013-09,0.0,26.64632606506349,1.0,79879.0,11002
153,2013-10,0.0,26.850662231445348,3.0,79879.0,11002
154,2013-11,0.0,26.22530174255375,63.0,79879.0,11002
155,2013-12,0.0,26.22457027435305,67.0,79879.0,11002
156,2014-01,0.0,25.46796035766605,47.0,81101.0,11002
157,2014-02,0.0,25.69884586334225,45.0,81101.0,11002
158,2014-03,0.0,26.25622177124025,26.0,81101.0,11002
159,2014-04,0.0,26.95698165893555,16.0,81101.0,11002
160,2014-05,0.0,25.4347257614136,14.0,81101.0,11002
161,2014-06,0.0,25.81755352020265,4.0,81101.0,11002
162,2014-07,0.0,25.18758392333985,0.0,81101.0,11002
163,2014-08,0.0,26.5637817382813,2.0,81101.0,11002
164,2014-09,0.0,28.0236291885376,1.0,81101.0,11002
165,2014-10,0.0,28.39514636993405,3.0,81101.0,11002
166,2014-11,0.0,27.27263832092285,2.0,81101.0,11002
167,2014-12,0.0,26.4048624038696,5.0,81101.0,11002
168,2015-01,0.0,26.57496070861815,3.0,82285.0,11002
169,2015-02,0.0,26.3316059112549,8.0,82285.0,11002
170,2015-03,0.0,26.7027530670166,8.0,82285.0,11002
171,2015-04,0.0,26.7404727935791,9.0,82285.0,11002
172,2015-05,0.0,25.5515813827515,3.0,82285.0,11002
173,2015-06,0.0,25.7968044281006,3.0,82285.0,11002
174,2015-07,0.0,25.56678009033205,0.0,82285.0,11002
175,2015-08,0.0,27.566266059875502,0.0,82285.0,11002
176,2015-09,0.0,28.336238861084,1.0,82285.0,11002
177,2015-10,0.0,27.975320816040053,3.0,82285.0,11002
178,2015-11,0.0,27.29708766937255,11.0,82285.0,11002
179,2015-12,0.0,27.03286743164065,16.0,82285.0,11002
180,2016-01,0.0,27.645030021667505,40.0,83432.0,11002
181,2016-02,0.0,27.2507743835449,104.0,83432.0,11002
182,2016-03,0.0,27.09493160247805,106.0,83432.0,11002
183,2016-04,0.0,27.0801773071289,56.0,83432.0,11002
184,2016-05,0.0,24.6889696121216,43.0,83432.0,11002
185,2016-06,0.0,23.9946155548096,13.0,83432.0,11002
186,2016-07,0.0,26.03414821624755,7.0,83432.0,11002
187,2016-08,0.0,26.42720127105715,0.0,83432.0,11002
188,2016-09,0.0,26.45277690887455,3.0,83432.0,11002
189,2016-10,0.0,28.04598903656005,2.0,83432.0,11002
190,2016-11,0.0,26.303841590881348,9.0,83432.0,11002
191,2016-12,0.0,26.453595161438,9.0,83432.0,11002
192,2017-01,0.0,26.51264095306395,17.0,84545.0,11002
193,2017-02,0.0,26.5498418807983,16.0,84545.0,11002
194,2017-03,0.0,26.571175575256348,25.0,84545.0,11002
195,2017-04,0.0,26.493425369262702,10.0,84545.0,11002
196,2017-05,0.0,25.6932592391968,2.0,84545.0,11002
197,2017-06,0.0,25.227035522460906,6.0,84545.0,11002
198,2017-07,0.0,25.6055145263672,4.0,84545.0,11002
199,2017-08,0.0,26.9117889404297,1.0,84545.0,11002
200,2017-09,0.0,27.551664352417,0.0,84545.0,11002
201,2017-10,0.0,27.72857189178465,2.0,84545.0,11002
202,2017-11,0.0,26.67754459381105,8.0,84545.0,11002
203,2017-12,0.0,26.132097244262702,17.0,84545.0,11002
204,2018-01,0.0,25.96687126159665,14.0,83480.0,11002
205,2018-02,0.0,26.279706001281752,15.0,83480.0,11002
206,2018-03,0.0,26.402570724487298,4.0,83480.0,11002
207,2018-04,0.0,26.8570318222046,7.0,83480.0,11002
208,2018-05,0.0,25.72085666656495,4.0,83480.0,11002
209,2018-06,0.0,23.5473146438599,1.0,83480.0,11002
210,2018-07,0.0,25.3701267242432,2.0,83480.0,11002
211,2018-08,0.0,24.4002103805542,1.0,83480.0,11002
212,2018-09,0.0,27.41215229034425,1.0,83480.0,11002
213,2018-10,0.0,28.06266403198245,0.0,83480.0,11002
214,2018-11,0.0,26.4513540267944,1.0,83480.0,11002
215,2018-12,0.0,25.864014625549306,2.0,83480.0,11002
216,2019-01,0.0,26.31148529052735,0.0,84771.0,11002
217,2019-02,0.0,26.5609512329102,2.0,84771.0,11002
218,2019-03,0.0,26.72344493865965,3.0,84771.0,11002
219,2019-04,0.0,27.10524845123296,3.0,84771.0,11002
220,2019-05,0.0,25.4359464645386,3.0,84771.0,11002
221,2019-06,0.0,25.9463205337524,2.0,84771.0,11002
222,2019-07,0.0,25.6383934020996,2.0,84771.0,11002
223,2019-08,0.0,25.70900344848635,2.0,84771.0,11002
0,2001-01,0.0,25.6341686248779,2.0,143809.0,11003
1,2001-02,0.0,26.1193723678589,1.0,143809.0,11003
2,2001-03,0.0,25.646409034729,0.0,143809.0,11003
3,2001-04,0.0,26.5377779006958,0.0,143809.0,11003
4,2001-05,0.0,25.1937017440796,0.0,143809.0,11003
5,2001-06,0.0,24.0018825531006,0.0,143809.0,11003
6,2001-07,0.0,25.557798385620103,0.0,143809.0,11003
7,2001-08,0.0,26.78406047821045,0.0,143809.0,11003
8,2001-09,0.0,26.9312200546265,0.0,143809.0,11003
9,2001-10,0.0,27.87603187561035,0.0,143809.0,11003
10,2001-11,0.0,26.80099868774409,1.0,143809.0,11003
11,2001-12,0.0,25.933970451354952,2.0,143809.0,11003
12,2002-01,0.0,26.4779663085938,1.0,147865.0,11003
13,2002-02,0.0,26.03826999664305,2.0,147865.0,11003
14,2002-03,0.0,26.04889488220215,0.0,147865.0,11003
15,2002-04,0.0,26.707802772522,1.0,147865.0,11003
16,2002-05,0.0,26.17925643920895,0.0,147865.0,11003
17,2002-06,0.0,24.55055046081545,8.0,147865.0,11003
18,2002-07,0.0,25.4908676147461,1.0,147865.0,11003
19,2002-08,0.0,26.55925941467285,0.0,147865.0,11003
20,2002-09,0.0,26.8737602233887,0.0,147865.0,11003
21,2002-10,0.0,27.942650794982903,0.0,147865.0,11003
22,2002-11,0.0,26.8069763183594,10.0,147865.0,11003
23,2002-12,0.0,26.3009624481201,2.0,147865.0,11003
24,2003-01,0.0,26.6176853179932,28.0,151964.0,11003
25,2003-02,0.0,26.15681838989255,22.0,151964.0,11003
26,2003-03,0.0,25.750872611999498,18.0,151964.0,11003
27,2003-04,0.0,26.373363494873047,8.0,151964.0,11003
28,2003-05,0.0,26.19160270690915,5.0,151964.0,11003
29,2003-06,0.0,25.8807439804077,2.0,151964.0,11003
30,2003-07,0.0,24.90246295928955,0.0,151964.0,11003
31,2003-08,0.0,24.2240104675293,0.0,151964.0,11003
32,2003-09,0.0,25.62830352783205,0.0,151964.0,11003
33,2003-10,0.0,26.95868587493895,0.0,151964.0,11003
34,2003-11,0.0,26.55401611328125,0.0,151964.0,11003
35,2003-12,0.0,26.4002046585083,1.0,151964.0,11003
36,2004-01,0.0,26.4255771636963,6.0,170000.0,11003
37,2004-02,0.0,26.07619857788085,5.0,170000.0,11003
38,2004-03,0.0,26.14155197143555,2.0,170000.0,11003
39,2004-04,0.0,27.0612144470215,3.0,170000.0,11003
40,2004-05,0.0,25.49773406982425,2.0,170000.0,11003
41,2004-06,0.0,25.2159299850464,3.0,170000.0,11003
42,2004-07,0.0,25.2298641204834,5.0,170000.0,11003
43,2004-08,0.0,26.483908653259306,5.0,170000.0,11003
44,2004-09,0.0,26.88888359069825,2.0,170000.0,11003
45,2004-10,0.0,28.203907012939453,11.0,170000.0,11003
46,2004-11,0.0,27.54287242889405,83.0,170000.0,11003
47,2004-12,0.0,26.5824851989746,98.0,170000.0,11003
48,2005-01,0.0,26.88140487670895,277.0,165328.0,11003
49,2005-02,0.0,26.626377105712848,239.0,165328.0,11003
50,2005-03,0.0,26.34929275512695,183.0,165328.0,11003
51,2005-04,0.0,26.48090839385985,33.0,165328.0,11003
52,2005-05,0.0,26.59652519226075,11.0,165328.0,11003
53,2005-06,0.0,25.75743198394775,0.0,165328.0,11003
54,2005-07,0.0,25.17762088775635,1.0,165328.0,11003
55,2005-08,0.0,26.67238998413085,4.0,165328.0,11003
56,2005-09,0.0,25.9924364089966,0.0,165328.0,11003
57,2005-10,0.0,27.29964733123775,0.0,165328.0,11003
58,2005-11,0.0,27.229616165161147,0.0,165328.0,11003
59,2005-12,0.0,26.01482105255129,42.0,165328.0,11003
60,2006-01,0.0,26.6609401702881,25.0,170055.0,11003
61,2006-02,0.0,26.23633766174315,21.0,170055.0,11003
62,2006-03,0.0,26.0844078063965,18.0,170055.0,11003
63,2006-04,0.0,26.107079505920403,22.0,170055.0,11003
64,2006-05,0.0,26.02083587646485,19.0,170055.0,11003
65,2006-06,0.0,25.577724456787102,4.0,170055.0,11003
66,2006-07,0.0,25.776995658874498,6.0,170055.0,11003
67,2006-08,0.0,25.792405128479,0.0,170055.0,11003
68,2006-09,0.0,26.5414962768555,0.0,170055.0,11003
69,2006-10,0.0,27.74672412872315,5.0,170055.0,11003
70,2006-11,0.0,26.51865577697755,9.0,170055.0,11003
71,2006-12,0.0,26.1772232055664,9.0,170055.0,11003
72,2007-01,0.0,26.4569854736328,13.0,160456.0,11003
73,2007-02,0.0,26.385217666625948,7.0,160456.0,11003
74,2007-03,0.0,25.7177991867065,7.0,160456.0,11003
75,2007-04,0.0,26.83606433868405,4.0,160456.0,11003
76,2007-05,0.0,24.5635251998901,4.0,160456.0,11003
77,2007-06,0.0,25.46429443359375,4.0,160456.0,11003
78,2007-07,0.0,25.2580518722534,1.0,160456.0,11003
79,2007-08,0.0,25.12602615356445,2.0,160456.0,11003
80,2007-09,0.0,27.2001132965088,2.0,160456.0,11003
81,2007-10,0.0,27.28625965118405,2.0,160456.0,11003
82,2007-11,0.0,26.952714920043952,2.0,160456.0,11003
83,2007-12,0.0,25.8215742111206,11.0,160456.0,11003
84,2008-01,0.0,25.6730031967163,44.0,164622.0,11003
85,2008-02,0.0,25.672550201416,85.0,164622.0,11003
86,2008-03,0.0,25.5170307159424,103.0,164622.0,11003
87,2008-04,0.0,25.9962978363037,104.0,164622.0,11003
88,2008-05,0.0,24.9172706604004,27.0,164622.0,11003
89,2008-06,0.0,24.0294904708862,15.0,164622.0,11003
90,2008-07,0.0,25.7414512634277,2.0,164622.0,11003
91,2008-08,0.0,26.9488677978516,2.0,164622.0,11003
92,2008-09,0.0,26.2509994506836,0.0,164622.0,11003
93,2008-10,0.0,27.7175464630127,0.0,164622.0,11003
94,2008-11,0.0,27.0127124786377,4.0,164622.0,11003
95,2008-12,0.0,25.9817304611206,19.0,164622.0,11003
96,2009-01,0.0,25.769690513610847,66.0,167103.0,11003
97,2009-02,0.0,25.80467224121095,173.0,167103.0,11003
98,2009-03,0.0,25.858344078064,457.0,167103.0,11003
99,2009-04,0.0,26.5113296508789,59.0,167103.0,11003
100,2009-05,0.0,25.93245601654055,41.0,167103.0,11003
101,2009-06,0.0,24.53828525543215,39.0,167103.0,11003
102,2009-07,0.0,25.46503162384036,27.0,167103.0,11003
103,2009-08,0.0,26.641168594360348,31.0,167103.0,11003
104,2009-09,0.0,26.99192714691165,37.0,167103.0,11003
105,2009-10,0.0,27.8161849975586,125.0,167103.0,11003
106,2009-11,0.0,27.38535499572755,458.0,167103.0,11003
107,2009-12,0.0,25.90781116485595,222.0,167103.0,11003
108,2010-01,0.0,26.18667793273925,325.0,171099.0,11003
109,2010-02,0.0,26.49554824829105,304.0,171099.0,11003
110,2010-03,0.0,26.62175846099855,190.0,171099.0,11003
111,2010-04,0.0,26.694195747375502,48.0,171099.0,11003
112,2010-05,0.0,25.48716259002685,15.0,171099.0,11003
113,2010-06,0.0,25.68720149993895,13.0,171099.0,11003
114,2010-07,0.0,24.99104881286625,17.0,171099.0,11003
115,2010-08,0.0,25.98876667022705,21.0,171099.0,11003
116,2010-09,0.0,27.8066091537476,21.0,171099.0,11003
117,2010-10,0.0,27.43723297119145,15.0,171099.0,11003
118,2010-11,0.0,26.4077272415161,92.0,171099.0,11003
119,2010-12,0.0,26.23793506622315,129.0,171099.0,11003
120,2011-01,0.0,25.85363864898685,54.0,173619.0,11003
121,2011-02,0.0,25.674360275268548,33.0,173619.0,11003
122,2011-03,0.0,25.5560932159424,36.0,173619.0,11003
123,2011-04,0.0,26.57837677001956,22.0,173619.0,11003
124,2011-05,0.0,25.6954107284546,25.0,173619.0,11003
125,2011-06,0.0,25.986643791198706,0.0,173619.0,11003
126,2011-07,0.0,26.3679933547974,1.0,173619.0,11003
127,2011-08,0.0,26.11246490478515,2.0,173619.0,11003
128,2011-09,0.0,27.5553207397461,4.0,173619.0,11003
129,2011-10,0.0,27.49310398101805,6.0,173619.0,11003
130,2011-11,0.0,26.9054889678955,2.0,173619.0,11003
131,2011-12,0.0,26.450595855712898,10.0,173619.0,11003
132,2012-01,0.0,25.923282623291,1.0,176003.0,11003
133,2012-02,0.0,25.6554841995239,3.0,176003.0,11003
134,2012-03,0.0,25.5599584579468,2.0,176003.0,11003
135,2012-04,0.0,26.7407512664795,3.0,176003.0,11003
136,2012-05,0.0,25.97050857543945,8.0,176003.0,11003
137,2012-06,0.0,25.2813892364502,8.0,176003.0,11003
138,2012-07,0.0,25.4340810775757,4.0,176003.0,11003
139,2012-08,0.0,26.361518859863253,3.0,176003.0,11003
140,2012-09,0.0,27.90431118011476,2.0,176003.0,11003
141,2012-10,0.0,28.1024169921875,7.0,176003.0,11003
142,2012-11,0.0,27.113205909729,7.0,176003.0,11003
143,2012-12,0.0,26.2119789123535,8.0,176003.0,11003
144,2013-01,0.0,26.6369409561157,33.0,192354.0,11003
145,2013-02,0.0,26.311676025390653,29.0,192354.0,11003
146,2013-03,0.0,25.949068069458,33.0,192354.0,11003
147,2013-04,0.0,26.5230836868286,18.0,192354.0,11003
148,2013-05,0.0,25.88306331634525,12.0,192354.0,11003
149,2013-06,0.0,25.9393787384033,20.0,192354.0,11003
150,2013-07,0.0,25.38140392303465,20.0,192354.0,11003
151,2013-08,0.0,25.09568500518796,7.0,192354.0,11003
152,2013-09,0.0,26.83474254608155,5.0,192354.0,11003
153,2013-10,0.0,27.11174392700195,19.0,192354.0,11003
154,2013-11,0.0,26.321455001831048,35.0,192354.0,11003
155,2013-12,0.0,26.6697406768799,39.0,192354.0,11003
156,2014-01,0.0,25.811611175537152,26.0,195532.0,11003
157,2014-02,0.0,25.6800136566162,62.0,195532.0,11003
158,2014-03,0.0,25.73362445831296,28.0,195532.0,11003
159,2014-04,0.0,27.04046058654785,18.0,195532.0,11003
160,2014-05,0.0,26.05700683593755,16.0,195532.0,11003
161,2014-06,0.0,26.08893299102785,8.0,195532.0,11003
162,2014-07,0.0,25.3009958267212,2.0,195532.0,11003
163,2014-08,0.0,27.04357624053955,2.0,195532.0,11003
164,2014-09,0.0,28.676884651184054,7.0,195532.0,11003
165,2014-10,0.0,28.1538963317871,5.0,195532.0,11003
166,2014-11,0.0,27.5794095993042,3.0,195532.0,11003
167,2014-12,0.0,26.95248699188236,13.0,195532.0,11003
168,2015-01,0.0,26.4965438842773,17.0,198611.0,11003
169,2015-02,0.0,26.42778968811035,10.0,198611.0,11003
170,2015-03,0.0,26.295485496521,18.0,198611.0,11003
171,2015-04,0.0,26.98754596710205,12.0,198611.0,11003
172,2015-05,0.0,26.1626205444336,1.0,198611.0,11003
173,2015-06,0.0,26.0304555892944,2.0,198611.0,11003
174,2015-07,0.0,26.3874921798706,5.0,198611.0,11003
175,2015-08,0.0,27.8475503921509,1.0,198611.0,11003
176,2015-09,0.0,29.2319164276123,0.0,198611.0,11003
177,2015-10,0.0,28.054403305053743,6.0,198611.0,11003
178,2015-11,0.0,27.535922050476103,7.0,198611.0,11003
179,2015-12,0.0,27.055096626281703,8.0,198611.0,11003
180,2016-01,0.0,27.20574188232425,57.0,201599.0,11003
181,2016-02,0.0,26.38669490814205,74.0,201599.0,11003
182,2016-03,0.0,26.16533565521245,84.0,201599.0,11003
183,2016-04,0.0,27.019763946533203,35.0,201599.0,11003
184,2016-05,0.0,25.34250926971435,17.0,201599.0,11003
185,2016-06,0.0,24.6101751327515,9.0,201599.0,11003
186,2016-07,0.0,26.024824142456048,5.0,201599.0,11003
187,2016-08,0.0,26.68512058258055,4.0,201599.0,11003
188,2016-09,0.0,26.244386672973647,10.0,201599.0,11003
189,2016-10,0.0,28.07951164245605,8.0,201599.0,11003
190,2016-11,0.0,26.5359687805176,141.0,201599.0,11003
191,2016-12,0.0,26.38999938964845,241.0,201599.0,11003
192,2017-01,0.0,26.1779661178589,141.0,204494.0,11003
193,2017-02,0.0,26.311408996582053,39.0,204494.0,11003
194,2017-03,0.0,25.864315032959,40.0,204494.0,11003
195,2017-04,0.0,26.52721786499025,10.0,204494.0,11003
196,2017-05,0.0,26.122575759887702,18.0,204494.0,11003
197,2017-06,0.0,25.517002105712898,8.0,204494.0,11003
198,2017-07,0.0,25.6178674697876,5.0,204494.0,11003
199,2017-08,0.0,26.80893230438236,7.0,204494.0,11003
200,2017-09,0.0,27.3335475921631,3.0,204494.0,11003
201,2017-10,0.0,27.5190839767456,2.0,204494.0,11003
202,2017-11,0.0,26.7176322937012,7.0,204494.0,11003
203,2017-12,0.0,26.1871919631958,39.0,204494.0,11003
204,2018-01,0.0,25.8218250274658,9.0,202900.0,11003
205,2018-02,0.0,26.26058292388915,3.0,202900.0,11003
206,2018-03,0.0,25.871542930603,2.0,202900.0,11003
207,2018-04,0.0,26.7732009887695,7.0,202900.0,11003
208,2018-05,0.0,26.00732421875,3.0,202900.0,11003
209,2018-06,0.0,24.23982524871825,1.0,202900.0,11003
210,2018-07,0.0,25.51904582977295,0.0,202900.0,11003
211,2018-08,0.0,24.93208980560305,3.0,202900.0,11003
212,2018-09,0.0,27.3728437423706,0.0,202900.0,11003
213,2018-10,0.0,27.5425500869751,2.0,202900.0,11003
214,2018-11,0.0,26.55075168609615,3.0,202900.0,11003
215,2018-12,0.0,25.92469024658205,2.0,202900.0,11003
216,2019-01,0.0,26.0622100830078,3.0,206332.0,11003
217,2019-02,0.0,26.4319543838501,1.0,206332.0,11003
218,2019-03,0.0,26.128306388855,5.0,206332.0,11003
219,2019-04,0.0,27.00158882141115,6.0,206332.0,11003
220,2019-05,0.0,25.76780796051025,5.0,206332.0,11003
221,2019-06,0.0,25.922354698181152,4.0,206332.0,11003
222,2019-07,0.0,25.66337776184085,3.0,206332.0,11003
223,2019-08,0.0,25.98791122436525,0.0,206332.0,11003
0,2001-01,0.0,25.341459274292,93.0,306896.0,11004
1,2001-02,0.0,25.7854928970337,70.0,306896.0,11004
2,2001-03,0.0,25.36781978607175,30.0,306896.0,11004
3,2001-04,0.0,26.1536054611206,5.0,306896.0,11004
4,2001-05,0.0,24.59821891784665,11.0,306896.0,11004
5,2001-06,0.0,23.5267038345337,0.0,306896.0,11004
6,2001-07,0.0,25.08260059356689,1.0,306896.0,11004
7,2001-08,0.0,26.537760734558148,3.0,306896.0,11004
8,2001-09,0.0,26.63129329681395,1.0,306896.0,11004
9,2001-10,0.0,27.5021858215332,4.0,306896.0,11004
10,2001-11,0.0,26.3674716949463,29.0,306896.0,11004
11,2001-12,0.0,25.4686336517334,18.0,306896.0,11004
12,2002-01,0.0,26.1777095794678,63.0,310569.0,11004
13,2002-02,0.0,25.6113634109497,81.0,310569.0,11004
14,2002-03,0.0,25.8079242706299,55.0,310569.0,11004
15,2002-04,0.0,26.340401649475147,24.0,310569.0,11004
16,2002-05,0.0,25.7237968444824,35.0,310569.0,11004
17,2002-06,0.0,24.00374412536625,4.0,310569.0,11004
18,2002-07,0.0,24.910813331604,6.0,310569.0,11004
19,2002-08,0.0,26.30148983001705,3.0,310569.0,11004
20,2002-09,0.0,26.4755563735962,12.0,310569.0,11004
21,2002-10,0.0,27.7312049865723,15.0,310569.0,11004
22,2002-11,0.0,26.48548221588135,73.0,310569.0,11004
23,2002-12,0.0,25.8873167037964,68.0,310569.0,11004
24,2003-01,0.0,26.1218204498291,89.0,313536.0,11004
25,2003-02,0.0,25.6548080444336,46.0,313536.0,11004
26,2003-03,0.0,25.508440971374547,42.0,313536.0,11004
27,2003-04,0.0,25.9055624008179,22.0,313536.0,11004
28,2003-05,0.0,25.59256839752195,12.0,313536.0,11004
29,2003-06,0.0,25.44811820983885,3.0,313536.0,11004
30,2003-07,0.0,24.26356410980225,5.0,313536.0,11004
31,2003-08,0.0,23.8875665664673,3.0,313536.0,11004
32,2003-09,0.0,25.39177322387695,3.0,313536.0,11004
33,2003-10,0.0,26.6601333618164,6.0,313536.0,11004
34,2003-11,0.0,26.1242027282715,8.0,313536.0,11004
35,2003-12,0.0,25.897694587707548,19.0,313536.0,11004
36,2004-01,0.0,26.0353479385376,49.0,326590.0,11004
37,2004-02,0.0,25.67716884613035,95.0,326590.0,11004
38,2004-03,0.0,25.9927835464478,104.0,326590.0,11004
39,2004-04,0.0,26.7108898162842,18.0,326590.0,11004
40,2004-05,0.0,24.8822422027588,9.0,326590.0,11004
41,2004-06,0.0,24.72961902618405,1.0,326590.0,11004
42,2004-07,0.0,24.66771888732915,1.0,326590.0,11004
43,2004-08,0.0,26.1955041885376,3.0,326590.0,11004
44,2004-09,0.0,26.6409692764282,8.0,326590.0,11004
45,2004-10,0.0,28.02961349487305,14.0,326590.0,11004
46,2004-11,0.0,27.1590795516968,172.0,326590.0,11004
47,2004-12,0.0,26.18592548370365,128.0,326590.0,11004
48,2005-01,0.0,26.397500038147,217.0,323208.0,11004
49,2005-02,0.0,26.279044151306152,255.0,323208.0,11004
50,2005-03,0.0,26.00710105895995,328.0,323208.0,11004
51,2005-04,0.0,26.0694885253906,100.0,323208.0,11004
52,2005-05,0.0,26.0025463104248,32.0,323208.0,11004
53,2005-06,0.0,25.113676071167,17.0,323208.0,11004
54,2005-07,0.0,24.661019325256348,26.0,323208.0,11004
55,2005-08,0.0,26.327112197875948,14.0,323208.0,11004
56,2005-09,0.0,25.5591125488281,11.0,323208.0,11004
57,2005-10,0.0,26.8213014602661,11.0,323208.0,11004
58,2005-11,0.0,26.919135093689,79.0,323208.0,11004
59,2005-12,0.0,25.4938678741455,201.0,323208.0,11004
60,2006-01,0.0,26.31120681762696,1019.0,326630.0,11004
61,2006-02,0.0,25.852562904357903,784.0,326630.0,11004
62,2006-03,0.0,25.87977313995365,192.0,326630.0,11004
63,2006-04,0.0,25.637877464294448,31.0,326630.0,11004
64,2006-05,0.0,25.62488555908205,18.0,326630.0,11004
65,2006-06,0.0,25.1515197753906,15.0,326630.0,11004
66,2006-07,0.0,25.2584772109985,1.0,326630.0,11004
67,2006-08,0.0,25.4598989486694,1.0,326630.0,11004
68,2006-09,0.0,26.05787372589115,3.0,326630.0,11004
69,2006-10,0.0,27.36417293548585,9.0,326630.0,11004
70,2006-11,0.0,26.24091720581055,11.0,326630.0,11004
71,2006-12,0.0,25.6714057922363,46.0,326630.0,11004
72,2007-01,0.0,26.0364065170288,39.0,286631.0,11004
73,2007-02,0.0,25.797456741333,46.0,286631.0,11004
74,2007-03,0.0,25.46373462677005,77.0,286631.0,11004
75,2007-04,0.0,26.37473487854005,61.0,286631.0,11004
76,2007-05,0.0,23.96226406097415,22.0,286631.0,11004
77,2007-06,0.0,24.97188091278075,19.0,286631.0,11004
78,2007-07,0.0,24.63510131835935,8.0,286631.0,11004
79,2007-08,0.0,24.6528015136719,4.0,286631.0,11004
80,2007-09,0.0,27.0473890304565,1.0,286631.0,11004
81,2007-10,0.0,27.037370681762702,17.0,286631.0,11004
82,2007-11,0.0,26.62490940093995,38.0,286631.0,11004
83,2007-12,0.0,25.38994216918945,45.0,286631.0,11004
84,2008-01,0.0,25.2692575454712,117.0,295034.0,11004
85,2008-02,0.0,25.3103542327881,184.0,295034.0,11004
86,2008-03,0.0,25.19822692871095,243.0,295034.0,11004
87,2008-04,0.0,25.40909099578856,85.0,295034.0,11004
88,2008-05,0.0,24.2263374328613,35.0,295034.0,11004
89,2008-06,0.0,23.2893772125244,9.0,295034.0,11004
90,2008-07,0.0,25.30166244506835,1.0,295034.0,11004
91,2008-08,0.0,26.61360645294189,8.0,295034.0,11004
92,2008-09,0.0,25.8250722885132,5.0,295034.0,11004
93,2008-10,0.0,27.5157461166382,3.0,295034.0,11004
94,2008-11,0.0,26.6726379394531,11.0,295034.0,11004
95,2008-12,0.0,25.56983375549315,28.0,295034.0,11004
96,2009-01,0.0,25.3758087158203,89.0,294006.0,11004
97,2009-02,0.0,25.4065704345703,214.0,294006.0,11004
98,2009-03,0.0,25.6019525527954,311.0,294006.0,11004
99,2009-04,0.0,26.0263986587524,160.0,294006.0,11004
100,2009-05,0.0,25.437131881713903,51.0,294006.0,11004
101,2009-06,0.0,23.8773365020752,44.0,294006.0,11004
102,2009-07,0.0,24.84156608581545,38.0,294006.0,11004
103,2009-08,0.0,26.15402030944825,69.0,294006.0,11004
104,2009-09,0.0,26.4221057891846,90.0,294006.0,11004
105,2009-10,0.0,27.41288566589355,541.0,294006.0,11004
106,2009-11,0.0,27.03675937652585,2028.0,294006.0,11004
107,2009-12,0.0,25.434161186218248,1785.0,294006.0,11004
108,2010-01,0.0,25.7042350769043,1309.0,295494.0,11004
109,2010-02,0.0,26.08179092407225,375.0,295494.0,11004
110,2010-03,0.0,26.4495820999146,220.0,295494.0,11004
111,2010-04,0.0,26.262135505676248,176.0,295494.0,11004
112,2010-05,0.0,24.73781776428225,40.0,295494.0,11004
113,2010-06,0.0,25.195567131042505,8.0,295494.0,11004
114,2010-07,0.0,24.3935832977295,6.0,295494.0,11004
115,2010-08,0.0,25.517239570617697,11.0,295494.0,11004
116,2010-09,0.0,27.463586807251,7.0,295494.0,11004
117,2010-10,0.0,27.1495056152344,22.0,295494.0,11004
118,2010-11,0.0,26.0238380432129,100.0,295494.0,11004
119,2010-12,0.0,25.85841464996335,269.0,295494.0,11004
120,2011-01,0.0,25.47233390808105,77.0,294803.0,11004
121,2011-02,0.0,25.20225620269775,74.0,294803.0,11004
122,2011-03,0.0,25.2954225540161,83.0,294803.0,11004
123,2011-04,0.0,26.2407455444336,42.0,294803.0,11004
124,2011-05,0.0,25.09419441223145,7.0,294803.0,11004
125,2011-06,0.0,25.324387550354,1.0,294803.0,11004
126,2011-07,0.0,25.52095699310305,2.0,294803.0,11004
127,2011-08,0.0,25.588924407959,18.0,294803.0,11004
128,2011-09,0.0,27.26023101806645,29.0,294803.0,11004
129,2011-10,0.0,27.187912940979,10.0,294803.0,11004
130,2011-11,0.0,26.663444519043,1.0,294803.0,11004
131,2011-12,0.0,25.992577552795403,2.0,294803.0,11004
132,2012-01,0.0,25.56113243103025,9.0,294157.0,11004
133,2012-02,0.0,25.254046440124498,37.0,294157.0,11004
134,2012-03,0.0,25.27800369262695,22.0,294157.0,11004
135,2012-04,0.0,26.35048198699955,44.0,294157.0,11004
136,2012-05,0.0,25.363838195800803,18.0,294157.0,11004
137,2012-06,0.0,24.6514225006104,6.0,294157.0,11004
138,2012-07,0.0,24.80473041534425,6.0,294157.0,11004
139,2012-08,0.0,25.92146968841555,1.0,294157.0,11004
140,2012-09,0.0,27.59995937347415,1.0,294157.0,11004
141,2012-10,0.0,27.8270797729492,7.0,294157.0,11004
142,2012-11,0.0,26.6816034317017,14.0,294157.0,11004
143,2012-12,0.0,25.76423263549805,30.0,294157.0,11004
144,2013-01,0.0,26.21109104156495,364.0,315964.0,11004
145,2013-02,0.0,25.93441009521485,307.0,315964.0,11004
146,2013-03,0.0,25.648232460022,207.0,315964.0,11004
147,2013-04,0.0,25.97243309020995,108.0,315964.0,11004
148,2013-05,0.0,25.302751541137702,88.0,315964.0,11004
149,2013-06,0.0,25.3470067977905,35.0,315964.0,11004
150,2013-07,0.0,24.82440471649175,17.0,315964.0,11004
151,2013-08,0.0,24.476616859436,13.0,315964.0,11004
152,2013-09,0.0,26.3943395614624,23.0,315964.0,11004
153,2013-10,0.0,26.6964635848999,25.0,315964.0,11004
154,2013-11,0.0,25.9889678955078,88.0,315964.0,11004
155,2013-12,0.0,26.1441679000855,100.0,315964.0,11004
156,2014-01,0.0,25.220617294311506,55.0,316402.0,11004
157,2014-02,0.0,25.18698501586915,48.0,316402.0,11004
158,2014-03,0.0,25.41208553314205,56.0,316402.0,11004
159,2014-04,0.0,26.623584747314453,40.0,316402.0,11004
160,2014-05,0.0,25.4247922897339,59.0,316402.0,11004
161,2014-06,0.0,25.35894298553465,38.0,316402.0,11004
162,2014-07,0.0,24.722227096557603,22.0,316402.0,11004
163,2014-08,0.0,26.56927490234375,13.0,316402.0,11004
164,2014-09,0.0,28.04396438598635,8.0,316402.0,11004
165,2014-10,0.0,28.06750202178955,21.0,316402.0,11004
166,2014-11,0.0,27.100426673889142,42.0,316402.0,11004
167,2014-12,0.0,26.3583183288574,49.0,316402.0,11004
168,2015-01,0.0,26.066982269287102,32.0,316823.0,11004
169,2015-02,0.0,25.9134292602539,22.0,316823.0,11004
170,2015-03,0.0,25.9292907714844,34.0,316823.0,11004
171,2015-04,0.0,26.4025650024414,26.0,316823.0,11004
172,2015-05,0.0,25.5858535766602,15.0,316823.0,11004
173,2015-06,0.0,25.48290443420415,8.0,316823.0,11004
174,2015-07,0.0,25.5112524032593,5.0,316823.0,11004
175,2015-08,0.0,27.5254507064819,1.0,316823.0,11004
176,2015-09,0.0,28.40800762176515,3.0,316823.0,11004
177,2015-10,0.0,27.72563457489015,7.0,316823.0,11004
178,2015-11,0.0,27.1127834320068,16.0,316823.0,11004
179,2015-12,0.0,26.67616081237795,12.0,316823.0,11004
180,2016-01,0.0,26.8817481994629,245.0,317230.0,11004
181,2016-02,0.0,26.3032712936401,532.0,317230.0,11004
182,2016-03,0.0,25.91364765167235,344.0,317230.0,11004
183,2016-04,0.0,26.61352443695069,175.0,317230.0,11004
184,2016-05,0.0,24.6073703765869,16.0,317230.0,11004
185,2016-06,0.0,23.774790763854952,17.0,317230.0,11004
186,2016-07,0.0,25.51095199584965,19.0,317230.0,11004
187,2016-08,0.0,26.1943778991699,5.0,317230.0,11004
188,2016-09,0.0,25.853312492370648,4.0,317230.0,11004
189,2016-10,0.0,27.6199150085449,5.0,317230.0,11004
190,2016-11,0.0,25.956353187561,22.0,317230.0,11004
191,2016-12,0.0,26.00580883026125,53.0,317230.0,11004
192,2017-01,0.0,25.8834524154663,98.0,317627.0,11004
193,2017-02,0.0,25.87568855285645,128.0,317627.0,11004
194,2017-03,0.0,25.660306930542,76.0,317627.0,11004
195,2017-04,0.0,26.08281803131105,20.0,317627.0,11004
196,2017-05,0.0,25.5786209106445,12.0,317627.0,11004
197,2017-06,0.0,24.9870443344116,8.0,317627.0,11004
198,2017-07,0.0,25.05575847625736,7.0,317627.0,11004
199,2017-08,0.0,26.571120262146003,9.0,317627.0,11004
200,2017-09,0.0,27.00265312194825,7.0,317627.0,11004
201,2017-10,0.0,27.268461227417,3.0,317627.0,11004
202,2017-11,0.0,26.3389749526978,20.0,317627.0,11004
203,2017-12,0.0,25.79006576538085,18.0,317627.0,11004
204,2018-01,0.0,25.38499259948735,11.0,295352.0,11004
205,2018-02,0.0,25.78743171691895,12.0,295352.0,11004
206,2018-03,0.0,25.5430021286011,7.0,295352.0,11004
207,2018-04,0.0,26.35970211029055,8.0,295352.0,11004
208,2018-05,0.0,25.54183769226075,3.0,295352.0,11004
209,2018-06,0.0,23.40554904937745,3.0,295352.0,11004
210,2018-07,0.0,24.95873928070069,4.0,295352.0,11004
211,2018-08,0.0,24.34338760375975,3.0,295352.0,11004
212,2018-09,0.0,26.92254257202145,1.0,295352.0,11004
213,2018-10,0.0,27.551646232605,5.0,295352.0,11004
214,2018-11,0.0,26.11516380310055,0.0,295352.0,11004
215,2018-12,0.0,25.58073234558105,2.0,295352.0,11004
216,2019-01,0.0,25.69470596313475,5.0,294493.0,11004
217,2019-02,0.0,25.9977121353149,6.0,294493.0,11004
218,2019-03,0.0,25.802311897277853,7.0,294493.0,11004
219,2019-04,0.0,26.63016986846925,12.0,294493.0,11004
220,2019-05,0.0,25.20455932617185,3.0,294493.0,11004
221,2019-06,0.0,25.530605316162102,6.0,294493.0,11004
222,2019-07,0.0,25.1622200012207,10.0,294493.0,11004
223,2019-08,0.0,25.53771018981935,0.0,294493.0,11004
0,2001-01,0.0,25.3104410171509,1.0,74460.0,11005
1,2001-02,0.0,25.88389110565185,4.0,74460.0,11005
2,2001-03,0.0,25.3060598373413,0.0,74460.0,11005
3,2001-04,0.0,26.04565620422365,0.0,74460.0,11005
4,2001-05,0.0,24.21006870269775,1.0,74460.0,11005
5,2001-06,0.0,23.25520420074465,0.0,74460.0,11005
6,2001-07,0.0,24.84785461425785,0.0,74460.0,11005
7,2001-08,0.0,26.49976253509525,1.0,74460.0,11005
8,2001-09,0.0,26.655801773071303,0.0,74460.0,11005
9,2001-10,0.0,27.2753448486328,0.0,74460.0,11005
10,2001-11,0.0,26.31527709960935,1.0,74460.0,11005
11,2001-12,0.0,25.3303260803223,32.0,74460.0,11005
12,2002-01,0.0,26.2327499389648,1.0,76030.0,11005
13,2002-02,0.0,25.62675189971925,7.0,76030.0,11005
14,2002-03,0.0,25.94833183288575,5.0,76030.0,11005
15,2002-04,0.0,26.20928955078125,2.0,76030.0,11005
16,2002-05,0.0,25.56214904785155,3.0,76030.0,11005
17,2002-06,0.0,23.7354974746704,2.0,76030.0,11005
18,2002-07,0.0,24.50317192077636,0.0,76030.0,11005
19,2002-08,0.0,26.2766847610474,0.0,76030.0,11005
20,2002-09,0.0,26.445240974426248,1.0,76030.0,11005
21,2002-10,0.0,27.56365203857425,2.0,76030.0,11005
22,2002-11,0.0,26.3716459274292,21.0,76030.0,11005
23,2002-12,0.0,25.7494668960571,8.0,76030.0,11005
24,2003-01,0.0,25.801456451416,5.0,77680.0,11005
25,2003-02,0.0,25.5541772842407,6.0,77680.0,11005
26,2003-03,0.0,25.5435028076172,5.0,77680.0,11005
27,2003-04,0.0,25.60160064697265,2.0,77680.0,11005
28,2003-05,0.0,25.22044849395749,0.0,77680.0,11005
29,2003-06,0.0,25.1310338973999,0.0,77680.0,11005
30,2003-07,0.0,23.98564434051515,0.0,77680.0,11005
31,2003-08,0.0,23.89196586608885,0.0,77680.0,11005
32,2003-09,0.0,25.47554588317875,0.0,77680.0,11005
33,2003-10,0.0,26.55758476257325,0.0,77680.0,11005
34,2003-11,0.0,25.98045158386235,0.0,77680.0,11005
35,2003-12,0.0,25.74494743347165,1.0,77680.0,11005
36,2004-01,0.0,25.97696590423585,7.0,84948.0,11005
37,2004-02,0.0,25.60376262664795,2.0,84948.0,11005
38,2004-03,0.0,26.107811927795453,3.0,84948.0,11005
39,2004-04,0.0,26.5732297897339,0.0,84948.0,11005
40,2004-05,0.0,24.636417388916,0.0,84948.0,11005
41,2004-06,0.0,24.457263946533253,0.0,84948.0,11005
42,2004-07,0.0,24.35309219360355,0.0,84948.0,11005
43,2004-08,0.0,26.13776874542235,0.0,84948.0,11005
44,2004-09,0.0,26.63414287567135,0.0,84948.0,11005
45,2004-10,0.0,28.0307559967041,0.0,84948.0,11005
46,2004-11,0.0,27.113542556762702,0.0,84948.0,11005
47,2004-12,0.0,26.03337383270265,3.0,84948.0,11005
48,2005-01,0.0,26.22346973419185,56.0,83065.0,11005
49,2005-02,0.0,26.25329208374025,53.0,83065.0,11005
50,2005-03,0.0,26.01032638549805,48.0,83065.0,11005
51,2005-04,0.0,26.049012184143105,9.0,83065.0,11005
52,2005-05,0.0,25.5114507675171,6.0,83065.0,11005
53,2005-06,0.0,24.6989240646362,3.0,83065.0,11005
54,2005-07,0.0,24.3319263458252,2.0,83065.0,11005
55,2005-08,0.0,26.121052742004352,1.0,83065.0,11005
56,2005-09,0.0,25.4176959991455,3.0,83065.0,11005
57,2005-10,0.0,26.5403184890747,1.0,83065.0,11005
58,2005-11,0.0,26.828684806823752,15.0,83065.0,11005
59,2005-12,0.0,25.20972537994385,14.0,83065.0,11005
60,2006-01,0.0,26.247621536254897,116.0,84970.0,11005
61,2006-02,0.0,25.8441915512085,63.0,84970.0,11005
62,2006-03,0.0,25.9911422729492,26.0,84970.0,11005
63,2006-04,0.0,25.453605651855447,2.0,84970.0,11005
64,2006-05,0.0,25.549002647399902,2.0,84970.0,11005
65,2006-06,0.0,24.88751697540285,1.0,84970.0,11005
66,2006-07,0.0,25.10153770446775,1.0,84970.0,11005
67,2006-08,0.0,25.212108612060547,2.0,84970.0,11005
68,2006-09,0.0,25.7334384918213,0.0,84970.0,11005
69,2006-10,0.0,27.16809463500975,1.0,84970.0,11005
70,2006-11,0.0,26.14501476287845,14.0,84970.0,11005
71,2006-12,0.0,25.547346115112298,55.0,84970.0,11005
72,2007-01,0.0,25.9439153671265,64.0,68034.0,11005
73,2007-02,0.0,25.61650848388675,54.0,68034.0,11005
74,2007-03,0.0,25.602344512939453,20.0,68034.0,11005
75,2007-04,0.0,26.25696182250975,3.0,68034.0,11005
76,2007-05,0.0,23.402746200561552,1.0,68034.0,11005
77,2007-06,0.0,24.61220073699955,1.0,68034.0,11005
78,2007-07,0.0,24.3395166397095,1.0,68034.0,11005
79,2007-08,0.0,24.47065925598145,0.0,68034.0,11005
80,2007-09,0.0,27.09092140197755,2.0,68034.0,11005
81,2007-10,0.0,26.95248794555665,5.0,68034.0,11005
82,2007-11,0.0,26.55560493469235,7.0,68034.0,11005
83,2007-12,0.0,25.167645454406752,22.0,68034.0,11005
84,2008-01,0.0,25.145070075988748,29.0,70033.0,11005
85,2008-02,0.0,25.2228803634644,21.0,70033.0,11005
86,2008-03,0.0,25.053129196167,52.0,70033.0,11005
87,2008-04,0.0,25.1519193649292,30.0,70033.0,11005
88,2008-05,0.0,23.5632543563843,3.0,70033.0,11005
89,2008-06,0.0,22.59793138504025,0.0,70033.0,11005
90,2008-07,0.0,25.20313549041745,0.0,70033.0,11005
91,2008-08,0.0,26.3324956893921,0.0,70033.0,11005
92,2008-09,0.0,25.65508365631105,1.0,70033.0,11005
93,2008-10,0.0,27.48227214813235,0.0,70033.0,11005
94,2008-11,0.0,26.59390449523925,0.0,70033.0,11005
95,2008-12,0.0,25.367725372314453,15.0,70033.0,11005
96,2009-01,0.0,25.3731679916382,120.0,70143.0,11005
97,2009-02,0.0,25.3963327407837,209.0,70143.0,11005
98,2009-03,0.0,25.5626449584961,155.0,70143.0,11005
99,2009-04,0.0,25.78909492492675,111.0,70143.0,11005
100,2009-05,0.0,25.0279054641724,68.0,70143.0,11005
101,2009-06,0.0,23.3267984390259,14.0,70143.0,11005
102,2009-07,0.0,24.52085399627685,4.0,70143.0,11005
103,2009-08,0.0,25.6461820602417,4.0,70143.0,11005
104,2009-09,0.0,26.028489112854,4.0,70143.0,11005
105,2009-10,0.0,27.10734844207765,11.0,70143.0,11005
106,2009-11,0.0,26.8656988143921,23.0,70143.0,11005
107,2009-12,0.0,25.264445304870648,127.0,70143.0,11005
108,2010-01,0.0,25.57177925109865,436.0,70182.0,11005
109,2010-02,0.0,26.12669467926025,395.0,70182.0,11005
110,2010-03,0.0,26.52169990539555,136.0,70182.0,11005
111,2010-04,0.0,26.15481662750245,59.0,70182.0,11005
112,2010-05,0.0,24.14611148834225,35.0,70182.0,11005
113,2010-06,0.0,25.06162452697755,15.0,70182.0,11005
114,2010-07,0.0,24.16677474975585,10.0,70182.0,11005
115,2010-08,0.0,25.234581947326653,1.0,70182.0,11005
116,2010-09,0.0,27.208321571350098,1.0,70182.0,11005
117,2010-10,0.0,26.84356689453125,17.0,70182.0,11005
118,2010-11,0.0,25.83517646789555,33.0,70182.0,11005
119,2010-12,0.0,25.77690410614015,111.0,70182.0,11005
120,2011-01,0.0,25.552073478698752,157.0,70011.0,11005
121,2011-02,0.0,25.08105182647705,86.0,70011.0,11005
122,2011-03,0.0,25.326979637146,166.0,70011.0,11005
123,2011-04,0.0,26.227033615112298,134.0,70011.0,11005
124,2011-05,0.0,24.6328287124634,36.0,70011.0,11005
125,2011-06,0.0,25.181140899658253,12.0,70011.0,11005
126,2011-07,0.0,25.066764831542947,8.0,70011.0,11005
127,2011-08,0.0,25.2742033004761,3.0,70011.0,11005
128,2011-09,0.0,27.19424057006835,5.0,70011.0,11005
129,2011-10,0.0,26.93916606903075,12.0,70011.0,11005
130,2011-11,0.0,26.594877243042,6.0,70011.0,11005
131,2011-12,0.0,25.70626068115235,8.0,70011.0,11005
132,2012-01,0.0,25.473082542419448,36.0,69841.0,11005
133,2012-02,0.0,25.15688228607175,24.0,69841.0,11005
134,2012-03,0.0,25.275536537170453,48.0,69841.0,11005
135,2012-04,0.0,26.19346141815185,3.0,69841.0,11005
136,2012-05,0.0,24.81713485717775,8.0,69841.0,11005
137,2012-06,0.0,24.21850872039795,3.0,69841.0,11005
138,2012-07,0.0,24.5395164489746,13.0,69841.0,11005
139,2012-08,0.0,25.5995197296143,3.0,69841.0,11005
140,2012-09,0.0,27.48998928070069,3.0,69841.0,11005
141,2012-10,0.0,27.558165550231948,2.0,69841.0,11005
142,2012-11,0.0,26.41243743896485,7.0,69841.0,11005
143,2012-12,0.0,25.563308715820348,44.0,69841.0,11005
144,2013-01,0.0,26.05181789398189,343.0,74999.0,11005
145,2013-02,0.0,25.8548421859741,230.0,74999.0,11005
146,2013-03,0.0,25.6328639984131,119.0,74999.0,11005
147,2013-04,0.0,25.6337547302246,45.0,74999.0,11005
148,2013-05,0.0,24.85137557983395,6.0,74999.0,11005
149,2013-06,0.0,24.87024593353275,3.0,74999.0,11005
150,2013-07,0.0,24.601760864257848,2.0,74999.0,11005
151,2013-08,0.0,23.9685583114624,0.0,74999.0,11005
152,2013-09,0.0,26.04001045227055,0.0,74999.0,11005
153,2013-10,0.0,26.3430461883545,2.0,74999.0,11005
154,2013-11,0.0,25.81848812103275,7.0,74999.0,11005
155,2013-12,0.0,25.8261966705322,6.0,74999.0,11005
156,2014-01,0.0,24.8962936401367,7.0,75085.0,11005
157,2014-02,0.0,25.04442310333249,18.0,75085.0,11005
158,2014-03,0.0,25.424793243408203,9.0,75085.0,11005
159,2014-04,0.0,26.4654998779297,8.0,75085.0,11005
160,2014-05,0.0,24.95593547821045,12.0,75085.0,11005
161,2014-06,0.0,25.1308641433716,4.0,75085.0,11005
162,2014-07,0.0,24.4822435379028,2.0,75085.0,11005
163,2014-08,0.0,26.294972419738748,2.0,75085.0,11005
164,2014-09,0.0,27.6731004714966,1.0,75085.0,11005
165,2014-10,0.0,27.8955955505371,3.0,75085.0,11005
166,2014-11,0.0,26.925127029418952,6.0,75085.0,11005
167,2014-12,0.0,26.0773057937622,4.0,75085.0,11005
168,2015-01,0.0,26.05671310424805,9.0,75169.0,11005
169,2015-02,0.0,25.72927951812745,9.0,75169.0,11005
170,2015-03,0.0,25.9564504623413,14.0,75169.0,11005
171,2015-04,0.0,26.16341590881349,8.0,75169.0,11005
172,2015-05,0.0,25.0602207183838,5.0,75169.0,11005
173,2015-06,0.0,25.190845489502,2.0,75169.0,11005
174,2015-07,0.0,24.96971797943115,3.0,75169.0,11005
175,2015-08,0.0,27.17877006530765,1.0,75169.0,11005
176,2015-09,0.0,27.96471118927,4.0,75169.0,11005
177,2015-10,0.0,27.4147129058838,0.0,75169.0,11005
178,2015-11,0.0,26.9028491973877,6.0,75169.0,11005
179,2015-12,0.0,26.57108783721925,7.0,75169.0,11005
180,2016-01,0.0,27.0112171173096,165.0,75248.0,11005
181,2016-02,0.0,26.59549808502195,178.0,75248.0,11005
182,2016-03,0.0,26.1960039138794,125.0,75248.0,11005
183,2016-04,0.0,26.5176239013672,39.0,75248.0,11005
184,2016-05,0.0,24.084291458129897,14.0,75248.0,11005
185,2016-06,0.0,23.20756435394285,5.0,75248.0,11005
186,2016-07,0.0,25.400119781494148,1.0,75248.0,11005
187,2016-08,0.0,25.99931049346925,1.0,75248.0,11005
188,2016-09,0.0,25.851868629455552,1.0,75248.0,11005
189,2016-10,0.0,27.596928596496547,3.0,75248.0,11005
190,2016-11,0.0,25.854990959167505,4.0,75248.0,11005
191,2016-12,0.0,25.9493741989136,17.0,75248.0,11005
192,2017-01,0.0,25.932844161987298,21.0,75328.0,11005
193,2017-02,0.0,25.90731620788575,17.0,75328.0,11005
194,2017-03,0.0,25.80156898498535,16.0,75328.0,11005
195,2017-04,0.0,25.91055774688725,15.0,75328.0,11005
196,2017-05,0.0,25.2223300933838,10.0,75328.0,11005
197,2017-06,0.0,24.62483310699465,3.0,75328.0,11005
198,2017-07,0.0,24.923005104064952,3.0,75328.0,11005
199,2017-08,0.0,26.51770687103275,2.0,75328.0,11005
200,2017-09,0.0,26.98389625549315,1.0,75328.0,11005
201,2017-10,0.0,27.24826335906985,0.0,75328.0,11005
202,2017-11,0.0,26.28621196746825,0.0,75328.0,11005
203,2017-12,0.0,25.6604290008545,3.0,75328.0,11005
204,2018-01,0.0,25.376341819763148,7.0,69972.0,11005
205,2018-02,0.0,25.72301578521725,0.0,69972.0,11005
206,2018-03,0.0,25.59666442871095,1.0,69972.0,11005
207,2018-04,0.0,26.2441463470459,1.0,69972.0,11005
208,2018-05,0.0,25.278411865234347,3.0,69972.0,11005
209,2018-06,0.0,22.8709030151367,1.0,69972.0,11005
210,2018-07,0.0,24.7449207305908,0.0,69972.0,11005
211,2018-08,0.0,24.05224990844725,0.0,69972.0,11005
212,2018-09,0.0,26.81910705566405,0.0,69972.0,11005
213,2018-10,0.0,27.6678276062012,0.0,69972.0,11005
214,2018-11,0.0,26.065769195556648,0.0,69972.0,11005
215,2018-12,0.0,25.414475440979,0.0,69972.0,11005
216,2019-01,0.0,25.7384262084961,0.0,69746.0,11005
217,2019-02,0.0,25.9626531600952,0.0,69746.0,11005
218,2019-03,0.0,25.8955879211426,0.0,69746.0,11005
219,2019-04,0.0,26.5585412979126,0.0,69746.0,11005
220,2019-05,0.0,24.906569480896,1.0,69746.0,11005
221,2019-06,0.0,25.28194332122805,0.0,69746.0,11005
222,2019-07,0.0,24.975185394287152,1.0,69746.0,11005
223,2019-08,0.0,25.34083080291745,6.0,69746.0,11005
